ID,nb_visits,entry_nb_visits,exit_nb_visits
http://calenda.org/205666,1147,1145.0,1143.0
http://calenda.org/234235,784,779.0,770.0
http://calenda.org/400255,703,676.0,670.0
http://calenda.org/194017,648,646.0,645.0
http://calenda.org/388263,602,544.0,559.0
http://calenda.org/395157,581,348.0,334.0
http://calenda.org/255829,577,577.0,571.0
http://calenda.org/310458,570,566.0,564.0
http://calenda.org/362942,530,516.0,499.0
http://calenda.org/398702,530,331.0,316.0
http://calenda.org/393744,529,345.0,315.0
http://calenda.org/395139,506,220.0,257.0
http://calenda.org/397859,499,235.0,271.0
http://calenda.org/393582,449,211.0,267.0
http://calenda.org/268686,426,418.0,413.0
http://calenda.org/390986,419,278.0,244.0
http://calenda.org/398588,400,205.0,224.0
http://calenda.org/391279,386,249.0,253.0
http://calenda.org/232642,383,382.0,381.0
http://calenda.org/390711,342,237.0,212.0
http://calenda.org/390129,338,232.0,239.0
http://calenda.org/393288,331,171.0,186.0
http://calenda.org/396207,327,264.0,268.0
http://calenda.org/398387,324,203.0,222.0
http://calenda.org/395026,318,102.0,136.0
http://calenda.org/393019,313,251.0,258.0
http://calenda.org/402557,312,227.0,229.0
http://calenda.org/396456,311,172.0,192.0
http://calenda.org/397259,297,222.0,219.0
http://calenda.org/391540,287,101.0,129.0
http://calenda.org/392038,287,136.0,153.0
http://calenda.org/399323,286,171.0,134.0
http://calenda.org/393860,284,206.0,208.0
http://calenda.org/400895,278,137.0,160.0
http://calenda.org/394183,276,206.0,213.0
http://calenda.org/389696,274,141.0,157.0
http://calenda.org/193859,272,272.0,270.0
http://calenda.org/392256,272,191.0,193.0
http://calenda.org/382736,266,159.0,183.0
http://calenda.org/392379,265,199.0,208.0
http://calenda.org/334214,260,260.0,256.0
http://calenda.org/392135,258,76.0,92.0
http://calenda.org/399973,255,128.0,131.0
http://calenda.org/394971,252,100.0,118.0
http://calenda.org/396908,251,139.0,153.0
http://calenda.org/393185,250,107.0,111.0
http://calenda.org/393446,250,91.0,97.0
http://calenda.org/396499,249,80.0,83.0
http://calenda.org/390745,245,160.0,159.0
http://calenda.org/392551,244,105.0,135.0
http://calenda.org/394414,241,192.0,192.0
http://calenda.org/383143,237,192.0,195.0
http://calenda.org/387852,237,108.0,132.0
http://calenda.org/393977,237,168.0,143.0
http://calenda.org/384562,236,224.0,218.0
http://calenda.org/401080,236,211.0,205.0
http://calenda.org/399105,234,73.0,94.0
http://calenda.org/389663,233,189.0,189.0
http://calenda.org/395929,233,128.0,133.0
http://calenda.org/378936,232,195.0,207.0
http://calenda.org/384060,232,160.0,166.0
http://calenda.org/390280,232,145.0,144.0
http://calenda.org/208171,229,229.0,227.0
http://calenda.org/391613,229,147.0,152.0
http://calenda.org/401507,229,160.0,167.0
http://calenda.org/389724,228,123.0,126.0
http://calenda.org/390578,228,142.0,148.0
http://calenda.org/394257,227,128.0,129.0
http://calenda.org/389301,222,107.0,133.0
http://calenda.org/395369,222,89.0,95.0
http://calenda.org/396956,221,189.0,187.0
http://calenda.org/388452,220,138.0,140.0
http://calenda.org/394073,219,120.0,137.0
http://calenda.org/398317,219,112.0,123.0
http://calenda.org/235715,218,218.0,215.0
http://calenda.org/391429,216,97.0,103.0
http://calenda.org/398516,214,133.0,144.0
http://calenda.org/381305,213,110.0,129.0
http://calenda.org/391481,212,63.0,80.0
http://calenda.org/397551,212,74.0,92.0
http://calenda.org/392577,211,117.0,136.0
http://calenda.org/374341,208,159.0,162.0
http://calenda.org/397483,208,148.0,151.0
http://calenda.org/383402,206,179.0,173.0
http://calenda.org/396429,206,110.0,120.0
http://calenda.org/400708,206,162.0,148.0
http://calenda.org/388204,203,116.0,128.0
http://calenda.org/382139,201,188.0,186.0
http://calenda.org/400238,201,83.0,114.0
http://calenda.org/391396,199,120.0,120.0
http://calenda.org/395544,199,121.0,136.0
http://calenda.org/396608,198,48.0,65.0
http://calenda.org/396655,198,66.0,61.0
http://calenda.org/398464,198,90.0,98.0
http://calenda.org/378249,196,53.0,78.0
http://calenda.org/395282,196,70.0,85.0
http://calenda.org/396412,196,113.0,122.0
http://calenda.org/398400,196,88.0,97.0
http://calenda.org/397783,195,37.0,46.0
http://calenda.org/393200,194,97.0,93.0
http://calenda.org/400043,194,118.0,123.0
http://calenda.org/387349,193,114.0,120.0
http://calenda.org/395052,193,88.0,118.0
http://calenda.org/396112,193,169.0,162.0
http://calenda.org/375055,192,188.0,185.0
http://calenda.org/394583,192,146.0,144.0
http://calenda.org/395232,192,138.0,140.0
http://calenda.org/400080,192,57.0,65.0
http://calenda.org/388682,191,102.0,106.0
http://calenda.org/390426,190,82.0,98.0
http://calenda.org/399008,190,107.0,116.0
http://calenda.org/231255,188,188.0,186.0
http://calenda.org/396261,188,77.0,78.0
http://calenda.org/393739,187,82.0,90.0
http://calenda.org/388091,186,138.0,140.0
http://calenda.org/389594,186,109.0,112.0
http://calenda.org/400423,184,136.0,135.0
http://calenda.org/387893,182,83.0,88.0
http://calenda.org/390884,182,118.0,116.0
http://calenda.org/392891,181,57.0,69.0
http://calenda.org/193571,180,180.0,174.0
http://calenda.org/400719,178,106.0,108.0
http://calenda.org/223730,176,175.0,174.0
http://calenda.org/398920,176,58.0,79.0
http://calenda.org/397036,175,46.0,70.0
http://calenda.org/398395,175,68.0,76.0
http://calenda.org/389321,173,61.0,82.0
http://calenda.org/395085,173,64.0,70.0
http://calenda.org/400266,172,115.0,119.0
http://calenda.org/401434,172,100.0,98.0
http://calenda.org/394085,171,82.0,75.0
http://calenda.org/393735,168,119.0,129.0
http://calenda.org/399162,168,66.0,83.0
http://calenda.org/397238,166,100.0,106.0
http://calenda.org/194029,165,165.0,165.0
http://calenda.org/291451,165,164.0,163.0
http://calenda.org/392397,165,94.0,87.0
http://calenda.org/395196,164,91.0,103.0
http://calenda.org/400957,163,93.0,106.0
http://calenda.org/390950,162,70.0,89.0
http://calenda.org/396094,162,58.0,64.0
http://calenda.org/207983,161,159.0,157.0
http://calenda.org/387222,161,64.0,88.0
http://calenda.org/392830,160,72.0,76.0
http://calenda.org/394981,160,73.0,91.0
http://calenda.org/400596,160,74.0,79.0
http://calenda.org/195289,155,152.0,150.0
http://calenda.org/401382,155,89.0,101.0
http://calenda.org/391780,154,85.0,104.0
http://calenda.org/396080,154,59.0,71.0
http://calenda.org/396298,153,60.0,70.0
http://calenda.org/389848,152,21.0,50.0
http://calenda.org/395358,152,65.0,60.0
http://calenda.org/300331,151,149.0,147.0
http://calenda.org/384211,151,33.0,46.0
http://calenda.org/390124,151,79.0,79.0
http://calenda.org/399179,149,74.0,83.0
http://calenda.org/388323,148,47.0,60.0
http://calenda.org/389066,148,87.0,89.0
http://calenda.org/393766,148,97.0,97.0
http://calenda.org/398240,148,87.0,87.0
http://calenda.org/398641,148,93.0,91.0
http://calenda.org/394139,147,89.0,97.0
http://calenda.org/401819,147,52.0,69.0
http://calenda.org/389999,146,79.0,77.0
http://calenda.org/394739,146,110.0,113.0
http://calenda.org/389366,145,94.0,89.0
http://calenda.org/394493,144,121.0,125.0
http://calenda.org/268290,143,143.0,140.0
http://calenda.org/393190,143,33.0,50.0
http://calenda.org/391767,141,57.0,72.0
http://calenda.org/395244,141,36.0,46.0
http://calenda.org/398426,141,69.0,76.0
http://calenda.org/389833,140,49.0,74.0
http://calenda.org/389434,139,63.0,66.0
http://calenda.org/395694,139,46.0,51.0
http://calenda.org/398034,139,75.0,84.0
http://calenda.org/193487,138,138.0,138.0
http://calenda.org/391254,138,94.0,92.0
http://calenda.org/387835,137,51.0,68.0
http://calenda.org/394558,137,91.0,94.0
http://calenda.org/396399,137,103.0,93.0
http://calenda.org/399308,136,100.0,96.0
http://calenda.org/388569,135,61.0,60.0
http://calenda.org/389045,135,80.0,81.0
http://calenda.org/391410,135,99.0,102.0
http://calenda.org/394990,135,71.0,72.0
http://calenda.org/399570,135,104.0,106.0
http://calenda.org/381041,134,73.0,77.0
http://calenda.org/402103,133,101.0,102.0
http://calenda.org/399269,131,79.0,87.0
http://calenda.org/396444,130,61.0,58.0
http://calenda.org/396710,130,119.0,120.0
http://calenda.org/387953,129,93.0,96.0
http://calenda.org/388373,129,46.0,55.0
http://calenda.org/388944,129,52.0,53.0
http://calenda.org/389388,129,61.0,69.0
http://calenda.org/387252,128,68.0,73.0
http://calenda.org/400344,128,67.0,70.0
http://calenda.org/388446,127,58.0,63.0
http://calenda.org/392945,127,69.0,77.0
http://calenda.org/395925,127,64.0,67.0
http://calenda.org/387225,126,51.0,58.0
http://calenda.org/392363,126,66.0,76.0
http://calenda.org/399168,126,97.0,93.0
http://calenda.org/391391,125,63.0,70.0
http://calenda.org/392186,125,39.0,57.0
http://calenda.org/386087,124,91.0,93.0
http://calenda.org/387522,124,58.0,64.0
http://calenda.org/388080,124,55.0,58.0
http://calenda.org/398013,124,60.0,69.0
http://calenda.org/390687,123,54.0,59.0
http://calenda.org/396236,123,41.0,49.0
http://calenda.org/390210,122,40.0,58.0
http://calenda.org/397380,122,53.0,55.0
http://calenda.org/387715,121,38.0,42.0
http://calenda.org/389402,121,96.0,100.0
http://calenda.org/392353,121,49.0,62.0
http://calenda.org/401740,121,44.0,53.0
http://calenda.org/390650,120,54.0,65.0
http://calenda.org/391369,120,53.0,70.0
http://calenda.org/392543,120,73.0,74.0
http://calenda.org/394812,120,59.0,64.0
http://calenda.org/389290,119,39.0,46.0
http://calenda.org/390966,119,62.0,62.0
http://calenda.org/395732,119,88.0,91.0
http://calenda.org/400026,119,74.0,81.0
http://calenda.org/400906,119,74.0,71.0
http://calenda.org/401033,119,91.0,86.0
http://calenda.org/391797,118,50.0,52.0
http://calenda.org/395412,118,87.0,88.0
http://calenda.org/399858,118,87.0,87.0
http://calenda.org/388109,117,34.0,41.0
http://calenda.org/389315,117,28.0,42.0
http://calenda.org/392757,117,62.0,69.0
http://calenda.org/399721,117,68.0,77.0
http://calenda.org/400090,117,70.0,72.0
http://calenda.org/389707,116,38.0,49.0
http://calenda.org/394149,116,44.0,59.0
http://calenda.org/396559,116,70.0,73.0
http://calenda.org/397728,116,37.0,49.0
http://calenda.org/391204,115,29.0,44.0
http://calenda.org/398672,115,52.0,59.0
http://calenda.org/399273,115,92.0,86.0
http://calenda.org/196279,114,113.0,113.0
http://calenda.org/394168,114,41.0,47.0
http://calenda.org/397533,114,84.0,87.0
http://calenda.org/392320,113,87.0,88.0
http://calenda.org/393709,113,38.0,41.0
http://calenda.org/399041,113,47.0,35.0
http://calenda.org/390330,112,99.0,101.0
http://calenda.org/391967,112,67.0,67.0
http://calenda.org/394666,112,47.0,46.0
http://calenda.org/396250,112,52.0,68.0
http://calenda.org/399701,112,69.0,67.0
http://calenda.org/286782,111,110.0,108.0
http://calenda.org/392804,111,36.0,46.0
http://calenda.org/396903,111,79.0,80.0
http://calenda.org/401007,111,49.0,56.0
http://calenda.org/395057,110,43.0,44.0
http://calenda.org/398863,110,78.0,74.0
http://calenda.org/399412,110,71.0,74.0
http://calenda.org/383755,109,85.0,89.0
http://calenda.org/391180,109,52.0,62.0
http://calenda.org/391219,109,72.0,83.0
http://calenda.org/398770,109,26.0,39.0
http://calenda.org/278300,108,101.0,96.0
http://calenda.org/387899,108,59.0,64.0
http://calenda.org/399029,108,50.0,59.0
http://calenda.org/400168,108,44.0,44.0
http://calenda.org/388097,107,56.0,57.0
http://calenda.org/389271,107,59.0,62.0
http://calenda.org/396255,107,41.0,42.0
http://calenda.org/389819,106,76.0,81.0
http://calenda.org/390656,106,43.0,59.0
http://calenda.org/396284,106,51.0,55.0
http://calenda.org/401089,105,54.0,71.0
http://calenda.org/401343,105,67.0,71.0
http://calenda.org/400245,104,61.0,64.0
http://calenda.org/401028,104,53.0,51.0
http://calenda.org/384195,103,52.0,60.0
http://calenda.org/390341,103,37.0,53.0
http://calenda.org/390734,103,50.0,56.0
http://calenda.org/401589,103,66.0,70.0
http://calenda.org/392974,102,65.0,69.0
http://calenda.org/394900,102,40.0,48.0
http://calenda.org/401488,102,45.0,52.0
http://calenda.org/393911,101,49.0,50.0
http://calenda.org/396883,101,59.0,62.0
http://calenda.org/302797,100,100.0,100.0
http://calenda.org/353359,100,99.0,100.0
http://calenda.org/388436,100,54.0,58.0
http://calenda.org/393014,100,55.0,58.0
http://calenda.org/400807,100,50.0,46.0
http://calenda.org/401625,100,63.0,61.0
http://calenda.org/311324,99,83.0,76.0
http://calenda.org/401422,99,22.0,35.0
http://calenda.org/387755,98,17.0,30.0
http://calenda.org/394570,98,70.0,72.0
http://calenda.org/399800,98,67.0,69.0
http://calenda.org/399824,98,27.0,42.0
http://calenda.org/387886,97,72.0,73.0
http://calenda.org/391986,97,45.0,44.0
http://calenda.org/376997,96,48.0,55.0
http://calenda.org/395180,96,60.0,60.0
http://calenda.org/349760,95,95.0,90.0
http://calenda.org/388401,95,24.0,32.0
http://calenda.org/389054,95,64.0,60.0
http://calenda.org/389479,95,47.0,43.0
http://calenda.org/390614,95,54.0,49.0
http://calenda.org/390971,95,28.0,36.0
http://calenda.org/395653,95,48.0,52.0
http://calenda.org/396200,95,48.0,49.0
http://calenda.org/396204,95,56.0,60.0
http://calenda.org/397741,95,67.0,59.0
http://calenda.org/398476,95,51.0,61.0
http://calenda.org/391584,94,55.0,58.0
http://calenda.org/319226,93,91.0,90.0
http://calenda.org/392113,93,45.0,47.0
http://calenda.org/393898,93,45.0,50.0
http://calenda.org/399206,93,33.0,46.0
http://calenda.org/384250,92,41.0,43.0
http://calenda.org/391801,92,63.0,64.0
http://calenda.org/393195,92,41.0,44.0
http://calenda.org/394954,92,41.0,43.0
http://calenda.org/390024,91,15.0,27.0
http://calenda.org/394830,91,41.0,33.0
http://calenda.org/396241,91,26.0,37.0
http://calenda.org/398499,91,35.0,45.0
http://calenda.org/387245,90,52.0,54.0
http://calenda.org/391200,90,66.0,60.0
http://calenda.org/397967,90,21.0,30.0
http://calenda.org/398273,90,40.0,38.0
http://calenda.org/398808,90,47.0,45.0
http://calenda.org/319109,89,89.0,87.0
http://calenda.org/338820,89,89.0,83.0
http://calenda.org/391040,89,38.0,36.0
http://calenda.org/391476,89,56.0,56.0
http://calenda.org/395775,89,42.0,45.0
http://calenda.org/396084,89,58.0,58.0
http://calenda.org/397309,89,41.0,46.0
http://calenda.org/388634,88,25.0,28.0
http://calenda.org/389715,88,30.0,31.0
http://calenda.org/391424,88,36.0,47.0
http://calenda.org/398486,88,15.0,26.0
http://calenda.org/399998,88,27.0,37.0
http://calenda.org/401861,88,54.0,54.0
http://calenda.org/389257,87,42.0,41.0
http://calenda.org/391094,87,21.0,23.0
http://calenda.org/391273,87,24.0,34.0
http://calenda.org/396623,87,27.0,38.0
http://calenda.org/387928,86,42.0,43.0
http://calenda.org/389357,86,72.0,67.0
http://calenda.org/392589,86,38.0,35.0
http://calenda.org/400005,86,26.0,35.0
http://calenda.org/207619,85,84.0,83.0
http://calenda.org/364895,85,82.0,78.0
http://calenda.org/388585,85,22.0,30.0
http://calenda.org/394896,85,28.0,32.0
http://calenda.org/397615,85,40.0,48.0
http://calenda.org/398795,85,26.0,33.0
http://calenda.org/400840,85,20.0,20.0
http://calenda.org/401600,85,56.0,60.0
http://calenda.org/389122,84,49.0,59.0
http://calenda.org/398822,84,46.0,45.0
http://calenda.org/400846,84,31.0,35.0
http://calenda.org/401745,84,33.0,44.0
http://calenda.org/402661,84,56.0,57.0
http://calenda.org/390757,83,35.0,41.0
http://calenda.org/394134,83,26.0,32.0
http://calenda.org/394916,83,57.0,62.0
http://calenda.org/391653,82,46.0,52.0
http://calenda.org/392722,82,59.0,64.0
http://calenda.org/399257,82,38.0,43.0
http://calenda.org/400725,82,31.0,40.0
http://calenda.org/388156,81,22.0,26.0
http://calenda.org/388639,81,36.0,40.0
http://calenda.org/391099,81,55.0,54.0
http://calenda.org/392195,81,49.0,51.0
http://calenda.org/397420,81,32.0,36.0
http://calenda.org/397868,81,54.0,46.0
http://calenda.org/352178,80,76.0,78.0
http://calenda.org/398112,80,48.0,48.0
http://calenda.org/401151,80,17.0,34.0
http://calenda.org/386632,79,28.0,36.0
http://calenda.org/396188,79,63.0,64.0
http://calenda.org/398092,79,52.0,54.0
http://calenda.org/398578,79,34.0,42.0
http://calenda.org/398997,79,58.0,60.0
http://calenda.org/393656,78,47.0,51.0
http://calenda.org/394454,78,44.0,47.0
http://calenda.org/398893,78,38.0,42.0
http://calenda.org/400831,78,33.0,32.0
http://calenda.org/203991,77,77.0,75.0
http://calenda.org/391809,77,45.0,45.0
http://calenda.org/391978,77,25.0,26.0
http://calenda.org/393169,77,26.0,30.0
http://calenda.org/393662,77,46.0,44.0
http://calenda.org/399488,77,45.0,48.0
http://calenda.org/400203,77,20.0,35.0
http://calenda.org/400947,77,29.0,37.0
http://calenda.org/401785,77,31.0,38.0
http://calenda.org/388747,76,60.0,59.0
http://calenda.org/390532,76,38.0,33.0
http://calenda.org/391788,76,64.0,62.0
http://calenda.org/395255,76,51.0,53.0
http://calenda.org/400207,76,33.0,30.0
http://calenda.org/400456,76,29.0,34.0
http://calenda.org/401614,76,37.0,42.0
http://calenda.org/386897,75,39.0,35.0
http://calenda.org/387957,75,25.0,33.0
http://calenda.org/388868,75,26.0,32.0
http://calenda.org/389098,75,38.0,38.0
http://calenda.org/395090,75,52.0,50.0
http://calenda.org/395669,75,37.0,43.0
http://calenda.org/397399,75,22.0,26.0
http://calenda.org/378957,74,72.0,70.0
http://calenda.org/388834,74,47.0,48.0
http://calenda.org/397530,74,62.0,56.0
http://calenda.org/398916,74,28.0,28.0
http://calenda.org/400913,74,31.0,37.0
http://calenda.org/382484,73,73.0,73.0
http://calenda.org/389676,73,29.0,41.0
http://calenda.org/393774,73,18.0,31.0
http://calenda.org/399691,73,28.0,34.0
http://calenda.org/399938,73,48.0,49.0
http://calenda.org/376870,72,51.0,51.0
http://calenda.org/383096,72,58.0,54.0
http://calenda.org/384457,72,42.0,48.0
http://calenda.org/385171,72,22.0,32.0
http://calenda.org/388086,72,31.0,42.0
http://calenda.org/388515,72,36.0,27.0
http://calenda.org/390693,72,34.0,34.0
http://calenda.org/391111,72,49.0,46.0
http://calenda.org/392001,72,54.0,55.0
http://calenda.org/392101,72,20.0,24.0
http://calenda.org/393750,72,38.0,44.0
http://calenda.org/397519,72,21.0,29.0
http://calenda.org/398070,72,31.0,36.0
http://calenda.org/399071,72,34.0,37.0
http://calenda.org/399583,72,30.0,33.0
http://calenda.org/389747,71,36.0,43.0
http://calenda.org/390369,71,21.0,29.0
http://calenda.org/396948,71,17.0,19.0
http://calenda.org/397010,71,32.0,33.0
http://calenda.org/399845,71,30.0,38.0
http://calenda.org/400185,71,21.0,31.0
http://calenda.org/374480,70,67.0,54.0
http://calenda.org/378977,70,24.0,29.0
http://calenda.org/387903,70,35.0,35.0
http://calenda.org/390138,70,29.0,32.0
http://calenda.org/391535,70,45.0,46.0
http://calenda.org/392851,70,25.0,35.0
http://calenda.org/393498,70,22.0,22.0
http://calenda.org/393597,70,35.0,38.0
http://calenda.org/393616,70,42.0,40.0
http://calenda.org/398290,70,51.0,50.0
http://calenda.org/399840,70,45.0,41.0
http://calenda.org/401412,70,39.0,39.0
http://calenda.org/260586,69,65.0,63.0
http://calenda.org/389702,69,17.0,26.0
http://calenda.org/389826,69,39.0,40.0
http://calenda.org/394920,69,26.0,25.0
http://calenda.org/397327,69,29.0,41.0
http://calenda.org/398323,69,40.0,45.0
http://calenda.org/401464,69,37.0,39.0
http://calenda.org/388988,68,22.0,25.0
http://calenda.org/389476,68,19.0,24.0
http://calenda.org/392095,68,44.0,43.0
http://calenda.org/393004,68,43.0,47.0
http://calenda.org/395002,68,30.0,35.0
http://calenda.org/398412,68,34.0,35.0
http://calenda.org/399575,68,23.0,27.0
http://calenda.org/400472,68,28.0,28.0
http://calenda.org/401606,68,50.0,47.0
http://calenda.org/208999,67,66.0,63.0
http://calenda.org/391194,67,43.0,37.0
http://calenda.org/400029,67,15.0,28.0
http://calenda.org/400039,67,41.0,47.0
http://calenda.org/400952,67,27.0,33.0
http://calenda.org/401483,67,39.0,40.0
http://calenda.org/381645,66,31.0,38.0
http://calenda.org/390570,66,28.0,30.0
http://calenda.org/392529,66,31.0,34.0
http://calenda.org/395800,66,19.0,22.0
http://calenda.org/397195,66,47.0,48.0
http://calenda.org/398383,66,24.0,27.0
http://calenda.org/399560,66,18.0,24.0
http://calenda.org/400668,66,40.0,22.0
http://calenda.org/400712,66,30.0,32.0
http://calenda.org/401516,66,33.0,33.0
http://calenda.org/401709,66,27.0,35.0
http://calenda.org/387948,65,34.0,33.0
http://calenda.org/391520,65,23.0,27.0
http://calenda.org/391640,65,18.0,27.0
http://calenda.org/392387,65,18.0,27.0
http://calenda.org/397408,65,40.0,44.0
http://calenda.org/397758,65,36.0,42.0
http://calenda.org/248750,64,63.0,61.0
http://calenda.org/330706,64,37.0,34.0
http://calenda.org/359477,64,64.0,63.0
http://calenda.org/390146,64,29.0,31.0
http://calenda.org/390151,64,27.0,32.0
http://calenda.org/392407,64,29.0,29.0
http://calenda.org/392907,64,24.0,27.0
http://calenda.org/393632,64,33.0,37.0
http://calenda.org/397949,64,43.0,44.0
http://calenda.org/398706,64,18.0,27.0
http://calenda.org/399245,64,38.0,40.0
http://calenda.org/389024,63,14.0,30.0
http://calenda.org/394421,63,23.0,27.0
http://calenda.org/394432,63,41.0,46.0
http://calenda.org/394486,63,35.0,41.0
http://calenda.org/394987,63,31.0,33.0
http://calenda.org/397395,63,24.0,26.0
http://calenda.org/398949,63,39.0,40.0
http://calenda.org/399710,63,19.0,21.0
http://calenda.org/399979,63,28.0,31.0
http://calenda.org/400635,63,21.0,24.0
http://calenda.org/400941,63,23.0,30.0
http://calenda.org/402172,63,30.0,36.0
http://calenda.org/389332,62,31.0,33.0
http://calenda.org/391742,62,24.0,33.0
http://calenda.org/393066,62,30.0,39.0
http://calenda.org/398491,62,34.0,31.0
http://calenda.org/402085,62,44.0,43.0
http://calenda.org/305207,61,60.0,58.0
http://calenda.org/377423,61,47.0,51.0
http://calenda.org/388972,61,33.0,38.0
http://calenda.org/392238,61,26.0,32.0
http://calenda.org/393725,61,37.0,33.0
http://calenda.org/394121,61,38.0,38.0
http://calenda.org/394964,61,24.0,28.0
http://calenda.org/399767,61,33.0,36.0
http://calenda.org/400501,61,21.0,24.0
http://calenda.org/388471,60,26.0,23.0
http://calenda.org/390003,60,36.0,36.0
http://calenda.org/390819,60,42.0,46.0
http://calenda.org/391336,60,22.0,29.0
http://calenda.org/392574,60,38.0,37.0
http://calenda.org/393555,60,39.0,38.0
http://calenda.org/393873,60,17.0,25.0
http://calenda.org/398208,60,18.0,17.0
http://calenda.org/398679,60,34.0,33.0
http://calenda.org/399034,60,35.0,37.0
http://calenda.org/400855,60,29.0,33.0
http://calenda.org/355397,59,58.0,56.0
http://calenda.org/382159,59,53.0,51.0
http://calenda.org/386283,59,17.0,26.0
http://calenda.org/389084,59,29.0,31.0
http://calenda.org/393282,59,16.0,14.0
http://calenda.org/394280,59,36.0,37.0
http://calenda.org/397166,59,26.0,32.0
http://calenda.org/397215,59,25.0,29.0
http://calenda.org/397845,59,24.0,30.0
http://calenda.org/399236,59,37.0,41.0
http://calenda.org/401776,59,18.0,23.0
http://calenda.org/388614,58,28.0,26.0
http://calenda.org/389264,58,31.0,28.0
http://calenda.org/390336,58,36.0,30.0
http://calenda.org/399760,58,17.0,21.0
http://calenda.org/387817,57,20.0,26.0
http://calenda.org/388590,57,21.0,30.0
http://calenda.org/388819,57,35.0,32.0
http://calenda.org/391726,57,36.0,32.0
http://calenda.org/392305,57,44.0,44.0
http://calenda.org/392547,57,17.0,27.0
http://calenda.org/392657,57,36.0,40.0
http://calenda.org/392819,57,21.0,31.0
http://calenda.org/393675,57,39.0,41.0
http://calenda.org/397263,57,19.0,29.0
http://calenda.org/397512,57,26.0,31.0
http://calenda.org/399407,57,18.0,27.0
http://calenda.org/401495,57,24.0,32.0
http://calenda.org/321460,56,55.0,55.0
http://calenda.org/388863,56,31.0,26.0
http://calenda.org/390218,56,27.0,28.0
http://calenda.org/390603,56,17.0,22.0
http://calenda.org/390931,56,32.0,38.0
http://calenda.org/397487,56,42.0,46.0
http://calenda.org/253773,55,53.0,52.0
http://calenda.org/385712,55,23.0,28.0
http://calenda.org/385721,55,23.0,26.0
http://calenda.org/389072,55,36.0,36.0
http://calenda.org/391591,55,32.0,39.0
http://calenda.org/391879,55,22.0,24.0
http://calenda.org/392242,55,33.0,35.0
http://calenda.org/398282,55,37.0,40.0
http://calenda.org/399984,55,30.0,37.0
http://calenda.org/372727,54,54.0,54.0
http://calenda.org/381417,54,40.0,38.0
http://calenda.org/383671,54,48.0,47.0
http://calenda.org/387735,54,28.0,26.0
http://calenda.org/389038,54,24.0,27.0
http://calenda.org/389305,54,52.0,50.0
http://calenda.org/389407,54,25.0,25.0
http://calenda.org/389591,54,21.0,27.0
http://calenda.org/390466,54,31.0,35.0
http://calenda.org/392555,54,29.0,27.0
http://calenda.org/392744,54,33.0,26.0
http://calenda.org/394154,54,32.0,35.0
http://calenda.org/394160,54,33.0,31.0
http://calenda.org/398542,54,19.0,27.0
http://calenda.org/206283,53,20.0,31.0
http://calenda.org/387392,53,27.0,26.0
http://calenda.org/388759,53,23.0,27.0
http://calenda.org/389963,53,22.0,26.0
http://calenda.org/390285,53,26.0,28.0
http://calenda.org/390433,53,24.0,25.0
http://calenda.org/391356,53,30.0,27.0
http://calenda.org/392736,53,20.0,26.0
http://calenda.org/396735,53,17.0,21.0
http://calenda.org/401349,53,28.0,28.0
http://calenda.org/384997,52,34.0,39.0
http://calenda.org/388467,52,37.0,33.0
http://calenda.org/396998,52,38.0,41.0
http://calenda.org/397187,52,45.0,43.0
http://calenda.org/398263,52,19.0,25.0
http://calenda.org/398433,52,12.0,11.0
http://calenda.org/399241,52,27.0,29.0
http://calenda.org/399478,52,25.0,30.0
http://calenda.org/400097,52,22.0,31.0
http://calenda.org/400973,52,35.0,37.0
http://calenda.org/401059,52,44.0,42.0
http://calenda.org/401359,52,34.0,38.0
http://calenda.org/389286,51,32.0,32.0
http://calenda.org/389913,51,32.0,36.0
http://calenda.org/390191,51,14.0,16.0
http://calenda.org/398223,51,25.0,28.0
http://calenda.org/398330,51,29.0,30.0
http://calenda.org/398684,51,27.0,33.0
http://calenda.org/399370,51,22.0,22.0
http://calenda.org/400071,51,17.0,18.0
http://calenda.org/382225,50,20.0,16.0
http://calenda.org/387322,50,30.0,34.0
http://calenda.org/388536,50,21.0,24.0
http://calenda.org/389050,50,30.0,33.0
http://calenda.org/389216,50,27.0,27.0
http://calenda.org/389372,50,34.0,31.0
http://calenda.org/389379,50,18.0,17.0
http://calenda.org/389990,50,21.0,22.0
http://calenda.org/390173,50,36.0,34.0
http://calenda.org/392652,50,23.0,18.0
http://calenda.org/393292,50,11.0,20.0
http://calenda.org/394144,50,33.0,30.0
http://calenda.org/394533,50,39.0,37.0
http://calenda.org/401448,50,17.0,19.0
http://calenda.org/238046,49,46.0,45.0
http://calenda.org/370965,49,48.0,48.0
http://calenda.org/382469,49,28.0,34.0
http://calenda.org/388319,49,26.0,23.0
http://calenda.org/389929,49,20.0,19.0
http://calenda.org/390487,49,18.0,25.0
http://calenda.org/391675,49,32.0,37.0
http://calenda.org/394199,49,21.0,31.0
http://calenda.org/395747,49,24.0,24.0
http://calenda.org/399694,49,27.0,31.0
http://calenda.org/402053,49,13.0,17.0
http://calenda.org/402273,49,10.0,16.0
http://calenda.org/377830,48,21.0,18.0
http://calenda.org/387119,48,25.0,31.0
http://calenda.org/388184,48,31.0,32.0
http://calenda.org/390528,48,15.0,20.0
http://calenda.org/391689,48,28.0,31.0
http://calenda.org/392869,48,24.0,21.0
http://calenda.org/394348,48,19.0,19.0
http://calenda.org/394588,48,20.0,20.0
http://calenda.org/394627,48,23.0,25.0
http://calenda.org/394905,48,35.0,34.0
http://calenda.org/397413,48,24.0,26.0
http://calenda.org/397595,48,29.0,31.0
http://calenda.org/398295,48,21.0,21.0
http://calenda.org/398833,48,17.0,21.0
http://calenda.org/399804,48,16.0,21.0
http://calenda.org/401610,48,13.0,20.0
http://calenda.org/401751,48,19.0,24.0
http://calenda.org/387934,47,17.0,17.0
http://calenda.org/387939,47,20.0,21.0
http://calenda.org/388252,47,21.0,23.0
http://calenda.org/390990,47,14.0,20.0
http://calenda.org/394227,47,25.0,28.0
http://calenda.org/394843,47,23.0,22.0
http://calenda.org/395047,47,25.0,21.0
http://calenda.org/396579,47,15.0,13.0
http://calenda.org/398342,47,18.0,19.0
http://calenda.org/398376,47,17.0,26.0
http://calenda.org/398697,47,20.0,20.0
http://calenda.org/401021,47,33.0,30.0
http://calenda.org/401316,47,31.0,33.0
http://calenda.org/204962,46,45.0,46.0
http://calenda.org/324669,46,43.0,44.0
http://calenda.org/382730,46,19.0,21.0
http://calenda.org/388807,46,23.0,22.0
http://calenda.org/392968,46,11.0,16.0
http://calenda.org/394333,46,23.0,24.0
http://calenda.org/396631,46,27.0,29.0
http://calenda.org/397234,46,36.0,39.0
http://calenda.org/397403,46,27.0,24.0
http://calenda.org/399002,46,20.0,22.0
http://calenda.org/400358,46,5.0,9.0
http://calenda.org/401979,46,12.0,24.0
http://calenda.org/387357,45,25.0,27.0
http://calenda.org/387750,45,20.0,21.0
http://calenda.org/388295,45,26.0,23.0
http://calenda.org/388481,45,32.0,35.0
http://calenda.org/391062,45,18.0,23.0
http://calenda.org/392109,45,32.0,33.0
http://calenda.org/394758,45,19.0,21.0
http://calenda.org/395335,45,17.0,18.0
http://calenda.org/396223,45,30.0,30.0
http://calenda.org/397002,45,20.0,26.0
http://calenda.org/397555,45,13.0,19.0
http://calenda.org/397683,45,29.0,23.0
http://calenda.org/398346,45,20.0,19.0
http://calenda.org/399263,45,24.0,22.0
http://calenda.org/399314,45,26.0,25.0
http://calenda.org/399458,45,23.0,21.0
http://calenda.org/399955,45,24.0,26.0
http://calenda.org/401135,45,28.0,28.0
http://calenda.org/401931,45,26.0,27.0
http://calenda.org/275939,44,44.0,44.0
http://calenda.org/388609,44,14.0,17.0
http://calenda.org/395918,44,13.0,17.0
http://calenda.org/398964,44,37.0,34.0
http://calenda.org/399381,44,32.0,33.0
http://calenda.org/399883,44,15.0,18.0
http://calenda.org/399992,44,20.0,23.0
http://calenda.org/401049,44,26.0,24.0
http://calenda.org/401968,44,26.0,28.0
http://calenda.org/402141,44,30.0,34.0
http://calenda.org/285095,43,42.0,42.0
http://calenda.org/389650,43,22.0,23.0
http://calenda.org/389878,43,21.0,20.0
http://calenda.org/390102,43,17.0,19.0
http://calenda.org/391020,43,19.0,21.0
http://calenda.org/392340,43,21.0,21.0
http://calenda.org/392413,43,17.0,22.0
http://calenda.org/392981,43,8.0,19.0
http://calenda.org/393696,43,14.0,20.0
http://calenda.org/394945,43,34.0,38.0
http://calenda.org/400640,43,17.0,22.0
http://calenda.org/402094,43,18.0,23.0
http://calenda.org/402158,43,22.0,25.0
http://calenda.org/366535,42,15.0,21.0
http://calenda.org/373487,42,42.0,40.0
http://calenda.org/383486,42,22.0,22.0
http://calenda.org/388008,42,27.0,27.0
http://calenda.org/389482,42,21.0,17.0
http://calenda.org/389910,42,23.0,29.0
http://calenda.org/390752,42,10.0,12.0
http://calenda.org/392012,42,18.0,19.0
http://calenda.org/393521,42,8.0,11.0
http://calenda.org/395015,42,26.0,28.0
http://calenda.org/396408,42,20.0,20.0
http://calenda.org/397248,42,14.0,16.0
http://calenda.org/398247,42,33.0,32.0
http://calenda.org/398760,42,31.0,30.0
http://calenda.org/398804,42,23.0,23.0
http://calenda.org/400733,42,26.0,24.0
http://calenda.org/400928,42,19.0,22.0
http://calenda.org/205316,41,1.0,10.0
http://calenda.org/238565,41,40.0,40.0
http://calenda.org/383821,41,9.0,17.0
http://calenda.org/390704,41,15.0,18.0
http://calenda.org/391597,41,20.0,24.0
http://calenda.org/391960,41,33.0,33.0
http://calenda.org/393718,41,22.0,23.0
http://calenda.org/394260,41,15.0,17.0
http://calenda.org/394925,41,19.0,21.0
http://calenda.org/395189,41,23.0,25.0
http://calenda.org/395451,41,19.0,24.0
http://calenda.org/399530,41,20.0,22.0
http://calenda.org/399820,41,18.0,22.0
http://calenda.org/400549,41,14.0,16.0
http://calenda.org/400729,41,23.0,23.0
http://calenda.org/401806,41,16.0,25.0
http://calenda.org/401830,41,23.0,28.0
http://calenda.org/194947,40,15.0,6.0
http://calenda.org/366959,40,40.0,40.0
http://calenda.org/386960,40,13.0,21.0
http://calenda.org/387840,40,21.0,25.0
http://calenda.org/388149,40,37.0,38.0
http://calenda.org/389577,40,17.0,22.0
http://calenda.org/392175,40,6.0,6.0
http://calenda.org/393085,40,20.0,21.0
http://calenda.org/393805,40,15.0,17.0
http://calenda.org/360894,39,37.0,37.0
http://calenda.org/388813,39,17.0,17.0
http://calenda.org/389972,39,32.0,31.0
http://calenda.org/390647,39,19.0,19.0
http://calenda.org/391009,39,18.0,18.0
http://calenda.org/391116,39,18.0,25.0
http://calenda.org/392021,39,21.0,21.0
http://calenda.org/392204,39,25.0,22.0
http://calenda.org/394399,39,13.0,22.0
http://calenda.org/395174,39,30.0,30.0
http://calenda.org/395401,39,32.0,28.0
http://calenda.org/396829,39,12.0,16.0
http://calenda.org/399081,39,27.0,25.0
http://calenda.org/401105,39,14.0,20.0
http://calenda.org/401824,39,30.0,32.0
http://calenda.org/209677,38,38.0,38.0
http://calenda.org/238056,38,19.0,5.0
http://calenda.org/376250,38,38.0,37.0
http://calenda.org/388845,38,17.0,15.0
http://calenda.org/389309,38,22.0,23.0
http://calenda.org/391067,38,10.0,15.0
http://calenda.org/391072,38,12.0,19.0
http://calenda.org/391259,38,14.0,17.0
http://calenda.org/391325,38,14.0,15.0
http://calenda.org/393023,38,12.0,12.0
http://calenda.org/394976,38,14.0,15.0
http://calenda.org/397749,38,15.0,14.0
http://calenda.org/397810,38,27.0,27.0
http://calenda.org/334591,37,34.0,35.0
http://calenda.org/373369,37,36.0,36.0
http://calenda.org/384298,37,25.0,26.0
http://calenda.org/387305,37,22.0,22.0
http://calenda.org/389645,37,9.0,11.0
http://calenda.org/391264,37,12.0,13.0
http://calenda.org/394553,37,15.0,15.0
http://calenda.org/398030,37,25.0,26.0
http://calenda.org/399714,37,15.0,23.0
http://calenda.org/400687,37,19.0,22.0
http://calenda.org/400851,37,17.0,13.0
http://calenda.org/195231,36,35.0,36.0
http://calenda.org/354898,36,34.0,8.0
http://calenda.org/381973,36,25.0,26.0
http://calenda.org/384064,36,7.0,16.0
http://calenda.org/389103,36,19.0,17.0
http://calenda.org/389494,36,17.0,22.0
http://calenda.org/391375,36,15.0,20.0
http://calenda.org/391546,36,8.0,12.0
http://calenda.org/392373,36,33.0,29.0
http://calenda.org/393972,36,20.0,16.0
http://calenda.org/395384,36,26.0,33.0
http://calenda.org/395406,36,34.0,34.0
http://calenda.org/395487,36,13.0,14.0
http://calenda.org/396100,36,20.0,20.0
http://calenda.org/396845,36,34.0,34.0
http://calenda.org/397525,36,19.0,23.0
http://calenda.org/398663,36,13.0,17.0
http://calenda.org/398711,36,19.0,20.0
http://calenda.org/399388,36,17.0,19.0
http://calenda.org/399808,36,33.0,33.0
http://calenda.org/400261,36,11.0,13.0
http://calenda.org/386155,35,13.0,11.0
http://calenda.org/388547,35,13.0,16.0
http://calenda.org/388829,35,19.0,19.0
http://calenda.org/389107,35,24.0,26.0
http://calenda.org/389383,35,26.0,23.0
http://calenda.org/389417,35,6.0,6.0
http://calenda.org/389469,35,20.0,22.0
http://calenda.org/392150,35,18.0,17.0
http://calenda.org/394856,35,19.0,24.0
http://calenda.org/394910,35,17.0,17.0
http://calenda.org/395373,35,19.0,17.0
http://calenda.org/396214,35,14.0,15.0
http://calenda.org/399231,35,19.0,20.0
http://calenda.org/193724,34,34.0,33.0
http://calenda.org/256089,34,33.0,27.0
http://calenda.org/283392,34,33.0,33.0
http://calenda.org/304536,34,33.0,32.0
http://calenda.org/376662,34,33.0,32.0
http://calenda.org/382668,34,33.0,34.0
http://calenda.org/386126,34,13.0,10.0
http://calenda.org/387343,34,17.0,17.0
http://calenda.org/387381,34,10.0,10.0
http://calenda.org/387848,34,9.0,14.0
http://calenda.org/387992,34,17.0,19.0
http://calenda.org/388234,34,13.0,14.0
http://calenda.org/388246,34,13.0,18.0
http://calenda.org/389923,34,18.0,16.0
http://calenda.org/390893,34,15.0,18.0
http://calenda.org/394403,34,15.0,17.0
http://calenda.org/394677,34,13.0,13.0
http://calenda.org/394705,34,18.0,20.0
http://calenda.org/395682,34,21.0,20.0
http://calenda.org/396055,34,19.0,21.0
http://calenda.org/396681,34,17.0,15.0
http://calenda.org/399344,34,16.0,15.0
http://calenda.org/400139,34,26.0,24.0
http://calenda.org/401672,34,20.0,19.0
http://calenda.org/401964,34,17.0,18.0
http://calenda.org/193315,33,33.0,33.0
http://calenda.org/338936,33,32.0,32.0
http://calenda.org/376694,33,25.0,25.0
http://calenda.org/380620,33,26.0,27.0
http://calenda.org/387830,33,9.0,11.0
http://calenda.org/388057,33,16.0,16.0
http://calenda.org/388542,33,16.0,17.0
http://calenda.org/389946,33,21.0,16.0
http://calenda.org/391386,33,16.0,18.0
http://calenda.org/391415,33,12.0,14.0
http://calenda.org/393577,33,15.0,17.0
http://calenda.org/393987,33,12.0,17.0
http://calenda.org/395207,33,10.0,11.0
http://calenda.org/396674,33,11.0,21.0
http://calenda.org/397855,33,15.0,21.0
http://calenda.org/397961,33,15.0,13.0
http://calenda.org/398468,33,18.0,17.0
http://calenda.org/186623,32,32.0,32.0
http://calenda.org/208677,32,32.0,32.0
http://calenda.org/303027,32,32.0,32.0
http://calenda.org/361010,32,32.0,32.0
http://calenda.org/370315,32,29.0,28.0
http://calenda.org/378567,32,28.0,6.0
http://calenda.org/382104,32,32.0,32.0
http://calenda.org/384044,32,27.0,24.0
http://calenda.org/384315,32,11.0,14.0
http://calenda.org/389571,32,12.0,12.0
http://calenda.org/389659,32,10.0,11.0
http://calenda.org/390502,32,8.0,7.0
http://calenda.org/391035,32,15.0,20.0
http://calenda.org/391525,32,20.0,16.0
http://calenda.org/391601,32,13.0,20.0
http://calenda.org/394995,32,10.0,10.0
http://calenda.org/395722,32,14.0,14.0
http://calenda.org/398789,32,24.0,25.0
http://calenda.org/400779,32,16.0,22.0
http://calenda.org/401295,32,11.0,11.0
http://calenda.org/188998,31,30.0,28.0
http://calenda.org/360262,31,31.0,31.0
http://calenda.org/374741,31,9.0,12.0
http://calenda.org/379832,31,31.0,31.0
http://calenda.org/388698,31,13.0,16.0
http://calenda.org/388910,31,14.0,11.0
http://calenda.org/389276,31,13.0,14.0
http://calenda.org/389338,31,19.0,19.0
http://calenda.org/390497,31,14.0,13.0
http://calenda.org/391046,31,19.0,21.0
http://calenda.org/391153,31,9.0,10.0
http://calenda.org/391299,31,13.0,9.0
http://calenda.org/391713,31,19.0,17.0
http://calenda.org/391866,31,14.0,19.0
http://calenda.org/393112,31,19.0,14.0
http://calenda.org/394058,31,8.0,11.0
http://calenda.org/394548,31,26.0,26.0
http://calenda.org/394824,31,23.0,21.0
http://calenda.org/394889,31,18.0,19.0
http://calenda.org/395973,31,12.0,15.0
http://calenda.org/396875,31,19.0,17.0
http://calenda.org/397030,31,15.0,14.0
http://calenda.org/397773,31,21.0,18.0
http://calenda.org/397936,31,17.0,25.0
http://calenda.org/398252,31,8.0,9.0
http://calenda.org/398552,31,21.0,21.0
http://calenda.org/399554,31,19.0,16.0
http://calenda.org/399729,31,12.0,16.0
http://calenda.org/400015,31,12.0,16.0
http://calenda.org/401124,31,7.0,7.0
http://calenda.org/192231,30,30.0,30.0
http://calenda.org/201174,30,30.0,30.0
http://calenda.org/259836,30,30.0,29.0
http://calenda.org/386923,30,17.0,20.0
http://calenda.org/388721,30,16.0,16.0
http://calenda.org/389852,30,10.0,11.0
http://calenda.org/393704,30,15.0,14.0
http://calenda.org/394111,30,17.0,15.0
http://calenda.org/394608,30,19.0,17.0
http://calenda.org/396139,30,18.0,20.0
http://calenda.org/396164,30,8.0,14.0
http://calenda.org/396893,30,19.0,22.0
http://calenda.org/397955,30,14.0,14.0
http://calenda.org/399776,30,13.0,16.0
http://calenda.org/401392,30,23.0,20.0
http://calenda.org/402230,30,17.0,20.0
http://calenda.org/192753,29,29.0,28.0
http://calenda.org/200718,29,28.0,28.0
http://calenda.org/377007,29,13.0,16.0
http://calenda.org/377346,29,10.0,17.0
http://calenda.org/387427,29,8.0,10.0
http://calenda.org/388300,29,19.0,19.0
http://calenda.org/388495,29,13.0,12.0
http://calenda.org/388903,29,23.0,21.0
http://calenda.org/389843,29,12.0,11.0
http://calenda.org/390306,29,8.0,10.0
http://calenda.org/390454,29,21.0,19.0
http://calenda.org/390587,29,14.0,16.0
http://calenda.org/392129,29,14.0,19.0
http://calenda.org/392346,29,17.0,19.0
http://calenda.org/395169,29,15.0,18.0
http://calenda.org/395440,29,15.0,14.0
http://calenda.org/395458,29,8.0,10.0
http://calenda.org/395999,29,16.0,15.0
http://calenda.org/396194,29,20.0,19.0
http://calenda.org/397922,29,12.0,13.0
http://calenda.org/398648,29,10.0,12.0
http://calenda.org/402216,29,15.0,21.0
http://calenda.org/237207,28,28.0,28.0
http://calenda.org/261707,28,28.0,27.0
http://calenda.org/362960,28,28.0,28.0
http://calenda.org/387497,28,23.0,18.0
http://calenda.org/389280,28,10.0,12.0
http://calenda.org/390566,28,19.0,20.0
http://calenda.org/390907,28,19.0,19.0
http://calenda.org/391503,28,12.0,15.0
http://calenda.org/391698,28,9.0,9.0
http://calenda.org/391818,28,10.0,17.0
http://calenda.org/394541,28,8.0,11.0
http://calenda.org/394577,28,11.0,13.0
http://calenda.org/395742,28,13.0,16.0
http://calenda.org/396464,28,15.0,11.0
http://calenda.org/192460,27,27.0,27.0
http://calenda.org/312556,27,27.0,26.0
http://calenda.org/385144,27,9.0,11.0
http://calenda.org/387615,27,14.0,16.0
http://calenda.org/390225,27,16.0,19.0
http://calenda.org/390247,27,10.0,13.0
http://calenda.org/390537,27,17.0,16.0
http://calenda.org/391530,27,11.0,12.0
http://calenda.org/391940,27,16.0,17.0
http://calenda.org/392044,27,25.0,25.0
http://calenda.org/392060,27,19.0,20.0
http://calenda.org/392357,27,6.0,8.0
http://calenda.org/393549,27,19.0,19.0
http://calenda.org/393847,27,12.0,12.0
http://calenda.org/395644,27,11.0,11.0
http://calenda.org/396533,27,16.0,16.0
http://calenda.org/397737,27,19.0,20.0
http://calenda.org/402148,27,12.0,12.0
http://calenda.org/402865,27,14.0,19.0
http://calenda.org/197309,26,26.0,26.0
http://calenda.org/375998,26,15.0,15.0
http://calenda.org/387564,26,14.0,17.0
http://calenda.org/387824,26,14.0,12.0
http://calenda.org/389111,26,9.0,14.0
http://calenda.org/390520,26,7.0,10.0
http://calenda.org/391103,26,10.0,10.0
http://calenda.org/391552,26,6.0,10.0
http://calenda.org/392332,26,17.0,12.0
http://calenda.org/393127,26,8.0,9.0
http://calenda.org/393714,26,14.0,15.0
http://calenda.org/394365,26,19.0,16.0
http://calenda.org/396024,26,18.0,18.0
http://calenda.org/397244,26,20.0,17.0
http://calenda.org/397254,26,9.0,10.0
http://calenda.org/399357,26,14.0,16.0
http://calenda.org/399537,26,26.0,24.0
http://calenda.org/402162,26,9.0,15.0
http://calenda.org/402315,26,8.0,11.0
http://calenda.org/247506,25,25.0,25.0
http://calenda.org/306428,25,24.0,24.0
http://calenda.org/367785,25,24.0,24.0
http://calenda.org/389682,25,12.0,13.0
http://calenda.org/394235,25,9.0,10.0
http://calenda.org/394240,25,6.0,9.0
http://calenda.org/394564,25,9.0,7.0
http://calenda.org/395497,25,19.0,16.0
http://calenda.org/396858,25,15.0,17.0
http://calenda.org/399829,25,17.0,19.0
http://calenda.org/401500,25,14.0,14.0
http://calenda.org/401619,25,15.0,14.0
http://calenda.org/392901,24,16.0,15.0
http://calenda.org/395213,24,11.0,13.0
http://calenda.org/395394,24,10.0,10.0
http://calenda.org/396169,24,8.0,8.0
http://calenda.org/400130,24,6.0,6.0
http://calenda.org/401735,24,8.0,11.0
http://calenda.org/402221,24,11.0,9.0
http://calenda.org/403111,24,22.0,21.0
http://calenda.org/392213,23,14.0,11.0
http://calenda.org/392251,23,12.0,15.0
http://calenda.org/392847,23,7.0,15.0
http://calenda.org/393950,23,14.0,12.0
http://calenda.org/395222,23,15.0,13.0
http://calenda.org/395237,23,13.0,14.0
http://calenda.org/395626,23,12.0,12.0
http://calenda.org/396546,23,11.0,16.0
http://calenda.org/399747,23,11.0,13.0
http://calenda.org/400657,23,11.0,12.0
http://calenda.org/401781,23,13.0,12.0
http://calenda.org/402345,23,10.0,10.0
http://calenda.org/287803,22,22.0,22.0
http://calenda.org/395673,22,12.0,16.0
http://calenda.org/400034,22,11.0,12.0
http://calenda.org/402119,22,7.0,12.0
http://calenda.org/207152,21,21.0,21.0
http://calenda.org/352304,21,21.0,21.0
http://calenda.org/380587,21,16.0,18.0
http://calenda.org/392838,21,6.0,9.0
http://calenda.org/393817,21,14.0,15.0
http://calenda.org/394336,21,11.0,14.0
http://calenda.org/395508,21,7.0,10.0
http://calenda.org/396173,21,6.0,10.0
http://calenda.org/400566,21,4.0,8.0
http://calenda.org/401903,21,9.0,10.0
http://calenda.org/401951,21,5.0,6.0
http://calenda.org/402267,21,10.0,9.0
http://calenda.org/402304,21,12.0,17.0
http://calenda.org/194682,20,20.0,20.0
http://calenda.org/401838,20,11.0,13.0
http://calenda.org/402446,20,16.0,18.0
http://calenda.org/400791,19,8.0,9.0
http://calenda.org/401189,19,13.0,10.0
http://calenda.org/401225,19,7.0,11.0
http://calenda.org/401909,19,11.0,11.0
http://calenda.org/402136,19,12.0,13.0
http://calenda.org/400327,18,6.0,10.0
http://calenda.org/400338,18,3.0,5.0
http://calenda.org/400562,18,1.0,5.0
http://calenda.org/401238,18,6.0,5.0
http://calenda.org/402309,18,6.0,5.0
http://calenda.org/272543,17,17.0,17.0
http://calenda.org/402255,17,7.0,8.0
http://calenda.org/402433,17,7.0,12.0
http://calenda.org/193330,16,16.0,16.0
http://calenda.org/288875,16,16.0,16.0
http://calenda.org/400408,16,6.0,6.0
http://calenda.org/401043,16,10.0,11.0
http://calenda.org/401207,16,3.0,3.0
http://calenda.org/401984,16,11.0,7.0
http://calenda.org/402000,16,12.0,12.0
http://calenda.org/402011,16,5.0,5.0
http://calenda.org/402281,16,11.0,13.0
http://calenda.org/255330,15,15.0,15.0
http://calenda.org/334545,15,13.0,14.0
http://calenda.org/400250,15,12.0,13.0
http://calenda.org/400798,15,7.0,5.0
http://calenda.org/401214,15,6.0,8.0
http://calenda.org/402244,15,3.0,5.0
http://calenda.org/402650,15,10.0,11.0
http://calenda.org/381360,14,1.0,2.0
http://calenda.org/397507,14,12.0,13.0
http://calenda.org/400060,14,5.0,5.0
http://calenda.org/400430,14,4.0,9.0
http://calenda.org/401723,14,6.0,6.0
http://calenda.org/402179,14,10.0,9.0
http://calenda.org/402260,14,10.0,8.0
http://calenda.org/402527,14,7.0,9.0
http://calenda.org/255659,13,13.0,13.0
http://calenda.org/335559,13,12.0,13.0
http://calenda.org/400365,13,5.0,8.0
http://calenda.org/400862,13,7.0,7.0
http://calenda.org/274709,12,12.0,11.0
http://calenda.org/376310,12,12.0,10.0
http://calenda.org/380061,12,12.0,10.0
http://calenda.org/399988,12,7.0,7.0
http://calenda.org/400716,12,7.0,7.0
http://calenda.org/400835,12,5.0,2.0
http://calenda.org/400983,12,6.0,5.0
http://calenda.org/402125,12,6.0,8.0
http://calenda.org/254565,11,8.0,4.0
http://calenda.org/401713,11,7.0,7.0
http://calenda.org/402197,11,3.0,4.0
http://calenda.org/402210,11,6.0,7.0
http://calenda.org/402338,11,4.0,2.0
http://calenda.org/402612,11,3.0,4.0
http://calenda.org/193905,10,10.0,10.0
http://calenda.org/197800,10,10.0,10.0
http://calenda.org/202371,10,10.0,10.0
http://calenda.org/220098,10,10.0,10.0
http://calenda.org/255531,10,10.0,9.0
http://calenda.org/318881,10,10.0,10.0
http://calenda.org/325092,10,10.0,10.0
http://calenda.org/329520,10,10.0,10.0
http://calenda.org/379571,10,10.0,10.0
http://calenda.org/399943,10,9.0,9.0
http://calenda.org/400178,10,6.0,7.0
http://calenda.org/402167,10,5.0,5.0
http://calenda.org/402250,10,4.0,3.0
http://calenda.org/209364,9,9.0,9.0
http://calenda.org/209430,9,9.0,9.0
http://calenda.org/246925,9,9.0,9.0
http://calenda.org/253044,9,9.0,9.0
http://calenda.org/254159,9,9.0,9.0
http://calenda.org/363994,9,9.0,9.0
http://calenda.org/372793,9,8.0,8.0
http://calenda.org/384541,9,7.0,7.0
http://calenda.org/399328,9,3.0,3.0
http://calenda.org/400226,9,7.0,7.0
http://calenda.org/402320,9,4.0,4.0
http://calenda.org/402566,9,4.0,4.0
http://calenda.org/201806,8,8.0,8.0
http://calenda.org/206217,8,8.0,8.0
http://calenda.org/206937,8,8.0,6.0
http://calenda.org/248567,8,8.0,8.0
http://calenda.org/255668,8,8.0,8.0
http://calenda.org/271983,8,7.0,8.0
http://calenda.org/274940,8,8.0,8.0
http://calenda.org/333050,8,8.0,8.0
http://calenda.org/354913,8,8.0,8.0
http://calenda.org/373583,8,8.0,8.0
http://calenda.org/393028,8,7.0,7.0
http://calenda.org/399340,8,0.0,0.0
http://calenda.org/400673,8,6.0,6.0
http://calenda.org/402203,8,3.0,4.0
http://calenda.org/402349,8,6.0,6.0
http://calenda.org/402426,8,7.0,8.0
http://calenda.org/402496,8,3.0,5.0
http://calenda.org/402531,8,2.0,4.0
http://calenda.org/188519,7,7.0,7.0
http://calenda.org/194296,7,7.0,7.0
http://calenda.org/201994,7,6.0,7.0
http://calenda.org/202740,7,7.0,7.0
http://calenda.org/204339,7,7.0,7.0
http://calenda.org/206960,7,7.0,7.0
http://calenda.org/225025,7,5.0,6.0
http://calenda.org/238395,7,7.0,4.0
http://calenda.org/247171,7,7.0,7.0
http://calenda.org/249883,7,7.0,7.0
http://calenda.org/278333,7,7.0,7.0
http://calenda.org/278431,7,7.0,7.0
http://calenda.org/291684,7,6.0,6.0
http://calenda.org/300241,7,7.0,7.0
http://calenda.org/325573,7,7.0,6.0
http://calenda.org/370801,7,7.0,7.0
http://calenda.org/384813,7,7.0,7.0
http://calenda.org/398799,7,4.0,3.0
http://calenda.org/400311,7,4.0,4.0
http://calenda.org/400604,7,2.0,5.0
http://calenda.org/402399,7,5.0,5.0
http://calenda.org/403348,7,4.0,4.0
http://calenda.org/188439,6,6.0,6.0
http://calenda.org/191746,6,6.0,6.0
http://calenda.org/196854,6,6.0,6.0
http://calenda.org/197146,6,6.0,6.0
http://calenda.org/199488,6,6.0,5.0
http://calenda.org/201281,6,6.0,6.0
http://calenda.org/204476,6,6.0,6.0
http://calenda.org/204842,6,6.0,6.0
http://calenda.org/208139,6,6.0,5.0
http://calenda.org/208969,6,6.0,6.0
http://calenda.org/227501,6,6.0,6.0
http://calenda.org/243408,6,6.0,6.0
http://calenda.org/280273,6,6.0,6.0
http://calenda.org/296387,6,6.0,5.0
http://calenda.org/307637,6,6.0,1.0
http://calenda.org/335315,6,6.0,6.0
http://calenda.org/353807,6,5.0,4.0
http://calenda.org/355336,6,6.0,6.0
http://calenda.org/355419,6,6.0,6.0
http://calenda.org/362226,6,4.0,6.0
http://calenda.org/368517,6,6.0,6.0
http://calenda.org/377223,6,5.0,5.0
http://calenda.org/378669,6,3.0,3.0
http://calenda.org/394390,6,3.0,0.0
http://calenda.org/398989,6,5.0,5.0
http://calenda.org/399221,6,3.0,4.0
http://calenda.org/400484,6,0.0,1.0
http://calenda.org/401919,6,2.0,1.0
http://calenda.org/402452,6,6.0,6.0
http://calenda.org/402518,6,1.0,2.0
http://calenda.org/402543,6,6.0,6.0
http://calenda.org/187318,5,5.0,5.0
http://calenda.org/192183,5,5.0,5.0
http://calenda.org/192975,5,5.0,5.0
http://calenda.org/200089,5,5.0,5.0
http://calenda.org/204000,5,4.0,5.0
http://calenda.org/204710,5,5.0,5.0
http://calenda.org/208114,5,4.0,4.0
http://calenda.org/208382,5,5.0,5.0
http://calenda.org/208460,5,5.0,5.0
http://calenda.org/209676,5,5.0,5.0
http://calenda.org/271466,5,5.0,5.0
http://calenda.org/284964,5,5.0,5.0
http://calenda.org/295315,5,5.0,5.0
http://calenda.org/310691,5,5.0,5.0
http://calenda.org/356234,5,3.0,5.0
http://calenda.org/360778,5,5.0,5.0
http://calenda.org/374174,5,5.0,5.0
http://calenda.org/385256,5,2.0,1.0
http://calenda.org/393032,5,4.0,3.0
http://calenda.org/393687,5,4.0,4.0
http://calenda.org/396153,5,1.0,2.0
http://calenda.org/398233,5,4.0,4.0
http://calenda.org/399469,5,3.0,3.0
http://calenda.org/399525,5,4.0,3.0
http://calenda.org/400020,5,2.0,0.0
http://calenda.org/402067,5,0.0,1.0
http://calenda.org/402327,5,2.0,3.0
http://calenda.org/402356,5,4.0,5.0
http://calenda.org/189221,4,4.0,4.0
http://calenda.org/191264,4,4.0,4.0
http://calenda.org/191483,4,3.0,4.0
http://calenda.org/192775,4,4.0,4.0
http://calenda.org/193398,4,4.0,4.0
http://calenda.org/194433,4,4.0,4.0
http://calenda.org/199341,4,4.0,4.0
http://calenda.org/199596,4,4.0,4.0
http://calenda.org/199788,4,4.0,4.0
http://calenda.org/200821,4,4.0,4.0
http://calenda.org/201732,4,4.0,4.0
http://calenda.org/201735,4,4.0,4.0
http://calenda.org/203687,4,4.0,4.0
http://calenda.org/204414,4,4.0,4.0
http://calenda.org/204489,4,4.0,4.0
http://calenda.org/204834,4,4.0,4.0
http://calenda.org/227523,4,4.0,4.0
http://calenda.org/230622,4,4.0,4.0
http://calenda.org/248674,4,4.0,3.0
http://calenda.org/261343,4,2.0,2.0
http://calenda.org/265597,4,4.0,4.0
http://calenda.org/288739,4,4.0,4.0
http://calenda.org/318710,4,4.0,3.0
http://calenda.org/330960,4,4.0,4.0
http://calenda.org/334340,4,4.0,4.0
http://calenda.org/339268,4,4.0,4.0
http://calenda.org/343656,4,4.0,4.0
http://calenda.org/351398,4,4.0,4.0
http://calenda.org/351858,4,4.0,4.0
http://calenda.org/372786,4,4.0,4.0
http://calenda.org/375770,4,1.0,1.0
http://calenda.org/382907,4,4.0,4.0
http://calenda.org/395110,4,4.0,4.0
http://calenda.org/397210,4,0.0,1.0
http://calenda.org/397888,4,1.0,1.0
http://calenda.org/400868,4,2.0,1.0
http://calenda.org/402049,4,0.0,1.0
http://calenda.org/402605,4,4.0,2.0
http://calenda.org/402700,4,2.0,1.0
http://calenda.org/187592,3,3.0,3.0
http://calenda.org/187717,3,3.0,3.0
http://calenda.org/187721,3,3.0,3.0
http://calenda.org/187861,3,3.0,3.0
http://calenda.org/190108,3,3.0,3.0
http://calenda.org/191814,3,3.0,3.0
http://calenda.org/194459,3,3.0,3.0
http://calenda.org/194673,3,3.0,3.0
http://calenda.org/194881,3,3.0,3.0
http://calenda.org/196126,3,3.0,3.0
http://calenda.org/197550,3,3.0,2.0
http://calenda.org/199991,3,3.0,3.0
http://calenda.org/201597,3,1.0,3.0
http://calenda.org/204740,3,3.0,3.0
http://calenda.org/205007,3,2.0,2.0
http://calenda.org/206489,3,3.0,3.0
http://calenda.org/207427,3,3.0,3.0
http://calenda.org/209584,3,3.0,3.0
http://calenda.org/227931,3,3.0,3.0
http://calenda.org/231005,3,3.0,3.0
http://calenda.org/231690,3,0.0,0.0
http://calenda.org/242066,3,3.0,2.0
http://calenda.org/242637,3,3.0,3.0
http://calenda.org/243153,3,2.0,2.0
http://calenda.org/243188,3,2.0,2.0
http://calenda.org/245875,3,3.0,3.0
http://calenda.org/246235,3,3.0,3.0
http://calenda.org/264314,3,3.0,3.0
http://calenda.org/270826,3,2.0,2.0
http://calenda.org/275392,3,3.0,3.0
http://calenda.org/302750,3,3.0,3.0
http://calenda.org/305001,3,3.0,3.0
http://calenda.org/320469,3,3.0,3.0
http://calenda.org/346679,3,2.0,2.0
http://calenda.org/347655,3,3.0,3.0
http://calenda.org/353031,3,3.0,3.0
http://calenda.org/358322,3,3.0,3.0
http://calenda.org/360024,3,3.0,3.0
http://calenda.org/372416,3,2.0,3.0
http://calenda.org/375817,3,3.0,3.0
http://calenda.org/377782,3,3.0,3.0
http://calenda.org/378836,3,0.0,1.0
http://calenda.org/380993,3,2.0,2.0
http://calenda.org/381330,3,2.0,2.0
http://calenda.org/382130,3,0.0,0.0
http://calenda.org/384081,3,3.0,3.0
http://calenda.org/385384,3,1.0,1.0
http://calenda.org/388768,3,0.0,1.0
http://calenda.org/395081,3,0.0,0.0
http://calenda.org/397816,3,2.0,1.0
http://calenda.org/399209,3,0.0,0.0
http://calenda.org/402132,3,0.0,0.0
http://calenda.org/402509,3,1.0,1.0
http://calenda.org/186174,2,1.0,1.0
http://calenda.org/186667,2,1.0,2.0
http://calenda.org/186679,2,2.0,2.0
http://calenda.org/187455,2,2.0,0.0
http://calenda.org/187480,2,2.0,2.0
http://calenda.org/187780,2,2.0,2.0
http://calenda.org/188090,2,1.0,1.0
http://calenda.org/188814,2,2.0,2.0
http://calenda.org/188981,2,2.0,2.0
http://calenda.org/189204,2,2.0,2.0
http://calenda.org/189283,2,2.0,2.0
http://calenda.org/189376,2,2.0,2.0
http://calenda.org/189784,2,2.0,2.0
http://calenda.org/189936,2,2.0,2.0
http://calenda.org/189991,2,2.0,2.0
http://calenda.org/190006,2,2.0,2.0
http://calenda.org/190677,2,2.0,2.0
http://calenda.org/191331,2,2.0,2.0
http://calenda.org/191457,2,1.0,2.0
http://calenda.org/191458,2,2.0,2.0
http://calenda.org/191606,2,1.0,2.0
http://calenda.org/192080,2,2.0,1.0
http://calenda.org/192104,2,2.0,2.0
http://calenda.org/192895,2,2.0,2.0
http://calenda.org/193998,2,2.0,2.0
http://calenda.org/194220,2,2.0,2.0
http://calenda.org/194260,2,2.0,2.0
http://calenda.org/194577,2,2.0,2.0
http://calenda.org/195223,2,2.0,2.0
http://calenda.org/195347,2,2.0,1.0
http://calenda.org/195383,2,2.0,2.0
http://calenda.org/195626,2,2.0,2.0
http://calenda.org/195799,2,1.0,1.0
http://calenda.org/195905,2,2.0,2.0
http://calenda.org/195950,2,2.0,2.0
http://calenda.org/196239,2,2.0,2.0
http://calenda.org/196299,2,2.0,2.0
http://calenda.org/196509,2,2.0,2.0
http://calenda.org/197012,2,2.0,2.0
http://calenda.org/197032,2,2.0,2.0
http://calenda.org/197092,2,2.0,2.0
http://calenda.org/197913,2,2.0,2.0
http://calenda.org/198315,2,2.0,2.0
http://calenda.org/198605,2,2.0,2.0
http://calenda.org/199306,2,2.0,2.0
http://calenda.org/199348,2,2.0,0.0
http://calenda.org/199956,2,2.0,2.0
http://calenda.org/200213,2,2.0,2.0
http://calenda.org/200331,2,2.0,2.0
http://calenda.org/201260,2,2.0,2.0
http://calenda.org/202145,2,1.0,1.0
http://calenda.org/202393,2,2.0,2.0
http://calenda.org/202500,2,2.0,2.0
http://calenda.org/203230,2,2.0,2.0
http://calenda.org/203859,2,2.0,2.0
http://calenda.org/203940,2,2.0,2.0
http://calenda.org/204026,2,2.0,2.0
http://calenda.org/204085,2,2.0,2.0
http://calenda.org/204166,2,2.0,2.0
http://calenda.org/204350,2,2.0,2.0
http://calenda.org/204985,2,2.0,2.0
http://calenda.org/205273,2,2.0,2.0
http://calenda.org/205536,2,2.0,2.0
http://calenda.org/205834,2,2.0,2.0
http://calenda.org/205906,2,2.0,2.0
http://calenda.org/206200,2,2.0,1.0
http://calenda.org/206219,2,2.0,2.0
http://calenda.org/206593,2,2.0,2.0
http://calenda.org/206885,2,2.0,2.0
http://calenda.org/206966,2,2.0,2.0
http://calenda.org/207038,2,2.0,2.0
http://calenda.org/207175,2,0.0,2.0
http://calenda.org/207240,2,2.0,2.0
http://calenda.org/207316,2,2.0,2.0
http://calenda.org/207899,2,2.0,2.0
http://calenda.org/208074,2,2.0,2.0
http://calenda.org/208264,2,2.0,2.0
http://calenda.org/208313,2,2.0,2.0
http://calenda.org/208408,2,2.0,2.0
http://calenda.org/208463,2,2.0,2.0
http://calenda.org/208681,2,2.0,1.0
http://calenda.org/208865,2,2.0,1.0
http://calenda.org/209023,2,2.0,2.0
http://calenda.org/209155,2,2.0,2.0
http://calenda.org/209260,2,2.0,2.0
http://calenda.org/209503,2,2.0,2.0
http://calenda.org/220641,2,1.0,0.0
http://calenda.org/226984,2,2.0,2.0
http://calenda.org/227558,2,2.0,2.0
http://calenda.org/227826,2,2.0,2.0
http://calenda.org/228322,2,2.0,2.0
http://calenda.org/229400,2,2.0,2.0
http://calenda.org/230982,2,2.0,2.0
http://calenda.org/238142,2,1.0,2.0
http://calenda.org/240084,2,0.0,2.0
http://calenda.org/241096,2,2.0,2.0
http://calenda.org/242104,2,2.0,2.0
http://calenda.org/242135,2,2.0,1.0
http://calenda.org/243931,2,2.0,1.0
http://calenda.org/246306,2,2.0,2.0
http://calenda.org/246584,2,2.0,2.0
http://calenda.org/247179,2,2.0,2.0
http://calenda.org/248562,2,2.0,2.0
http://calenda.org/249864,2,2.0,2.0
http://calenda.org/254672,2,2.0,2.0
http://calenda.org/256381,2,0.0,1.0
http://calenda.org/257049,2,2.0,2.0
http://calenda.org/258964,2,2.0,1.0
http://calenda.org/259629,2,2.0,2.0
http://calenda.org/259962,2,2.0,2.0
http://calenda.org/260549,2,2.0,2.0
http://calenda.org/260822,2,2.0,2.0
http://calenda.org/261552,2,2.0,2.0
http://calenda.org/261654,2,2.0,2.0
http://calenda.org/261899,2,2.0,2.0
http://calenda.org/261944,2,2.0,2.0
http://calenda.org/262439,2,2.0,2.0
http://calenda.org/264901,2,2.0,2.0
http://calenda.org/265252,2,2.0,2.0
http://calenda.org/269189,2,2.0,0.0
http://calenda.org/272720,2,1.0,1.0
http://calenda.org/274700,2,2.0,2.0
http://calenda.org/274957,2,2.0,2.0
http://calenda.org/276320,2,2.0,2.0
http://calenda.org/276568,2,2.0,2.0
http://calenda.org/278618,2,2.0,2.0
http://calenda.org/279712,2,2.0,2.0
http://calenda.org/280267,2,2.0,2.0
http://calenda.org/280647,2,2.0,2.0
http://calenda.org/280734,2,2.0,2.0
http://calenda.org/280836,2,2.0,2.0
http://calenda.org/281371,2,2.0,2.0
http://calenda.org/282664,2,0.0,0.0
http://calenda.org/282681,2,1.0,1.0
http://calenda.org/282877,2,2.0,2.0
http://calenda.org/284413,2,2.0,2.0
http://calenda.org/284542,2,2.0,1.0
http://calenda.org/284819,2,2.0,2.0
http://calenda.org/285077,2,2.0,2.0
http://calenda.org/285782,2,2.0,2.0
http://calenda.org/286921,2,2.0,2.0
http://calenda.org/288582,2,2.0,2.0
http://calenda.org/288803,2,1.0,1.0
http://calenda.org/289098,2,2.0,2.0
http://calenda.org/291959,2,2.0,2.0
http://calenda.org/295914,2,2.0,2.0
http://calenda.org/296095,2,2.0,2.0
http://calenda.org/298571,2,2.0,2.0
http://calenda.org/300057,2,2.0,2.0
http://calenda.org/303274,2,2.0,2.0
http://calenda.org/304139,2,2.0,2.0
http://calenda.org/304530,2,2.0,2.0
http://calenda.org/304846,2,2.0,2.0
http://calenda.org/305552,2,2.0,2.0
http://calenda.org/306447,2,2.0,2.0
http://calenda.org/310748,2,2.0,2.0
http://calenda.org/310811,2,2.0,2.0
http://calenda.org/311458,2,2.0,2.0
http://calenda.org/311658,2,2.0,2.0
http://calenda.org/315251,2,2.0,2.0
http://calenda.org/316103,2,2.0,1.0
http://calenda.org/317070,2,2.0,2.0
http://calenda.org/317159,2,2.0,2.0
http://calenda.org/317437,2,2.0,2.0
http://calenda.org/318585,2,2.0,2.0
http://calenda.org/318896,2,2.0,1.0
http://calenda.org/318958,2,2.0,1.0
http://calenda.org/319782,2,2.0,2.0
http://calenda.org/320980,2,2.0,2.0
http://calenda.org/321146,2,2.0,2.0
http://calenda.org/321946,2,2.0,2.0
http://calenda.org/322625,2,1.0,2.0
http://calenda.org/322660,2,2.0,2.0
http://calenda.org/322867,2,2.0,1.0
http://calenda.org/323652,2,2.0,2.0
http://calenda.org/324704,2,2.0,2.0
http://calenda.org/324783,2,2.0,2.0
http://calenda.org/325118,2,2.0,2.0
http://calenda.org/326375,2,0.0,1.0
http://calenda.org/326475,2,2.0,2.0
http://calenda.org/327275,2,2.0,1.0
http://calenda.org/329945,2,2.0,2.0
http://calenda.org/330073,2,2.0,2.0
http://calenda.org/331661,2,2.0,2.0
http://calenda.org/333641,2,2.0,2.0
http://calenda.org/333678,2,1.0,2.0
http://calenda.org/335096,2,1.0,1.0
http://calenda.org/337888,2,2.0,2.0
http://calenda.org/338190,2,2.0,2.0
http://calenda.org/338531,2,2.0,2.0
http://calenda.org/339075,2,1.0,1.0
http://calenda.org/339264,2,2.0,2.0
http://calenda.org/339621,2,2.0,2.0
http://calenda.org/342638,2,2.0,2.0
http://calenda.org/345124,2,2.0,2.0
http://calenda.org/346342,2,2.0,2.0
http://calenda.org/349186,2,2.0,2.0
http://calenda.org/349300,2,1.0,2.0
http://calenda.org/349460,2,2.0,1.0
http://calenda.org/350171,2,2.0,1.0
http://calenda.org/350317,2,2.0,2.0
http://calenda.org/351661,2,2.0,2.0
http://calenda.org/352188,2,2.0,2.0
http://calenda.org/352248,2,2.0,2.0
http://calenda.org/352714,2,2.0,2.0
http://calenda.org/353021,2,1.0,1.0
http://calenda.org/353491,2,0.0,2.0
http://calenda.org/353610,2,2.0,2.0
http://calenda.org/354360,2,2.0,2.0
http://calenda.org/355352,2,2.0,1.0
http://calenda.org/355454,2,1.0,0.0
http://calenda.org/356015,2,2.0,2.0
http://calenda.org/357075,2,1.0,1.0
http://calenda.org/358096,2,1.0,1.0
http://calenda.org/359977,2,1.0,1.0
http://calenda.org/360622,2,2.0,2.0
http://calenda.org/360816,2,0.0,0.0
http://calenda.org/360934,2,2.0,2.0
http://calenda.org/361498,2,1.0,1.0
http://calenda.org/362731,2,2.0,2.0
http://calenda.org/363208,2,2.0,1.0
http://calenda.org/364608,2,2.0,2.0
http://calenda.org/364899,2,1.0,2.0
http://calenda.org/366112,2,2.0,2.0
http://calenda.org/366136,2,2.0,2.0
http://calenda.org/368312,2,2.0,2.0
http://calenda.org/368480,2,2.0,2.0
http://calenda.org/369939,2,2.0,2.0
http://calenda.org/370549,2,0.0,1.0
http://calenda.org/370639,2,2.0,2.0
http://calenda.org/373197,2,2.0,1.0
http://calenda.org/375024,2,2.0,2.0
http://calenda.org/375889,2,2.0,2.0
http://calenda.org/376632,2,2.0,2.0
http://calenda.org/377029,2,2.0,2.0
http://calenda.org/377034,2,2.0,2.0
http://calenda.org/377811,2,0.0,1.0
http://calenda.org/378211,2,2.0,2.0
http://calenda.org/378900,2,2.0,1.0
http://calenda.org/379384,2,0.0,1.0
http://calenda.org/379844,2,0.0,1.0
http://calenda.org/380272,2,1.0,2.0
http://calenda.org/380367,2,0.0,1.0
http://calenda.org/380673,2,1.0,2.0
http://calenda.org/381755,2,1.0,1.0
http://calenda.org/381789,2,2.0,2.0
http://calenda.org/381834,2,1.0,1.0
http://calenda.org/382283,2,0.0,0.0
http://calenda.org/382380,2,1.0,1.0
http://calenda.org/382386,2,0.0,0.0
http://calenda.org/383061,2,2.0,2.0
http://calenda.org/383386,2,2.0,2.0
http://calenda.org/384468,2,2.0,1.0
http://calenda.org/385551,2,2.0,2.0
http://calenda.org/385908,2,2.0,2.0
http://calenda.org/385914,2,2.0,2.0
http://calenda.org/385999,2,1.0,1.0
http://calenda.org/386313,2,2.0,2.0
http://calenda.org/386352,2,1.0,2.0
http://calenda.org/386523,2,1.0,1.0
http://calenda.org/386569,2,2.0,2.0
http://calenda.org/388476,2,0.0,0.0
http://calenda.org/388553,2,0.0,0.0
http://calenda.org/389162,2,0.0,0.0
http://calenda.org/392646,2,0.0,1.0
http://calenda.org/394353,2,2.0,2.0
http://calenda.org/394384,2,2.0,2.0
http://calenda.org/394729,2,2.0,2.0
http://calenda.org/396013,2,1.0,0.0
http://calenda.org/396090,2,2.0,2.0
http://calenda.org/396889,2,1.0,1.0
http://calenda.org/397205,2,1.0,1.0
http://calenda.org/397466,2,2.0,2.0
http://calenda.org/398201,2,1.0,1.0
http://calenda.org/398258,2,2.0,2.0
http://calenda.org/398903,2,2.0,2.0
http://calenda.org/399519,2,0.0,0.0
http://calenda.org/400052,2,1.0,1.0
http://calenda.org/400932,2,0.0,1.0
http://calenda.org/402381,2,1.0,2.0
http://calenda.org/185685,1,1.0,1.0
http://calenda.org/185971,1,1.0,1.0
http://calenda.org/186010,1,1.0,1.0
http://calenda.org/186101,1,1.0,1.0
http://calenda.org/186146,1,1.0,1.0
http://calenda.org/186210,1,1.0,1.0
http://calenda.org/186271,1,0.0,1.0
http://calenda.org/186330,1,1.0,1.0
http://calenda.org/186332,1,1.0,1.0
http://calenda.org/186375,1,1.0,1.0
http://calenda.org/186435,1,1.0,0.0
http://calenda.org/186451,1,1.0,1.0
http://calenda.org/186538,1,1.0,1.0
http://calenda.org/186728,1,0.0,1.0
http://calenda.org/186744,1,1.0,1.0
http://calenda.org/186781,1,0.0,0.0
http://calenda.org/186838,1,1.0,1.0
http://calenda.org/186880,1,1.0,1.0
http://calenda.org/186923,1,1.0,1.0
http://calenda.org/187229,1,1.0,1.0
http://calenda.org/187297,1,1.0,1.0
http://calenda.org/187324,1,1.0,1.0
http://calenda.org/187377,1,1.0,1.0
http://calenda.org/187387,1,1.0,1.0
http://calenda.org/187478,1,1.0,1.0
http://calenda.org/187685,1,1.0,1.0
http://calenda.org/187725,1,1.0,1.0
http://calenda.org/187779,1,1.0,1.0
http://calenda.org/187860,1,1.0,1.0
http://calenda.org/187883,1,1.0,0.0
http://calenda.org/188065,1,1.0,1.0
http://calenda.org/188107,1,1.0,1.0
http://calenda.org/188112,1,1.0,1.0
http://calenda.org/188140,1,1.0,1.0
http://calenda.org/188217,1,1.0,1.0
http://calenda.org/188244,1,1.0,1.0
http://calenda.org/188278,1,1.0,1.0
http://calenda.org/188299,1,1.0,1.0
http://calenda.org/188316,1,1.0,1.0
http://calenda.org/188442,1,1.0,1.0
http://calenda.org/188663,1,1.0,1.0
http://calenda.org/188828,1,1.0,1.0
http://calenda.org/188858,1,1.0,0.0
http://calenda.org/188904,1,1.0,1.0
http://calenda.org/188993,1,1.0,1.0
http://calenda.org/189047,1,0.0,0.0
http://calenda.org/189097,1,0.0,1.0
http://calenda.org/189098,1,0.0,1.0
http://calenda.org/189323,1,1.0,1.0
http://calenda.org/189486,1,1.0,1.0
http://calenda.org/189701,1,0.0,1.0
http://calenda.org/190010,1,1.0,0.0
http://calenda.org/190094,1,1.0,1.0
http://calenda.org/190125,1,1.0,1.0
http://calenda.org/190152,1,1.0,1.0
http://calenda.org/190178,1,1.0,1.0
http://calenda.org/190286,1,1.0,1.0
http://calenda.org/190336,1,1.0,1.0
http://calenda.org/190362,1,1.0,1.0
http://calenda.org/190592,1,1.0,1.0
http://calenda.org/190610,1,1.0,1.0
http://calenda.org/190721,1,1.0,0.0
http://calenda.org/190766,1,1.0,1.0
http://calenda.org/190841,1,1.0,1.0
http://calenda.org/190858,1,1.0,1.0
http://calenda.org/190891,1,1.0,1.0
http://calenda.org/190901,1,1.0,1.0
http://calenda.org/191082,1,1.0,1.0
http://calenda.org/191087,1,1.0,1.0
http://calenda.org/191165,1,1.0,1.0
http://calenda.org/191502,1,1.0,1.0
http://calenda.org/191516,1,1.0,1.0
http://calenda.org/191560,1,1.0,1.0
http://calenda.org/191582,1,1.0,1.0
http://calenda.org/191597,1,1.0,1.0
http://calenda.org/191641,1,1.0,1.0
http://calenda.org/191652,1,1.0,1.0
http://calenda.org/191658,1,1.0,1.0
http://calenda.org/191665,1,1.0,1.0
http://calenda.org/191732,1,0.0,0.0
http://calenda.org/191808,1,1.0,1.0
http://calenda.org/191888,1,1.0,1.0
http://calenda.org/191899,1,1.0,1.0
http://calenda.org/191919,1,1.0,1.0
http://calenda.org/192128,1,1.0,1.0
http://calenda.org/192138,1,1.0,1.0
http://calenda.org/192295,1,1.0,1.0
http://calenda.org/192539,1,1.0,1.0
http://calenda.org/192596,1,1.0,1.0
http://calenda.org/193042,1,1.0,0.0
http://calenda.org/193118,1,1.0,1.0
http://calenda.org/193217,1,1.0,1.0
http://calenda.org/193231,1,1.0,1.0
http://calenda.org/193283,1,1.0,0.0
http://calenda.org/193308,1,1.0,1.0
http://calenda.org/193574,1,1.0,1.0
http://calenda.org/193587,1,0.0,0.0
http://calenda.org/193784,1,1.0,1.0
http://calenda.org/193876,1,1.0,1.0
http://calenda.org/193891,1,1.0,1.0
http://calenda.org/194074,1,0.0,1.0
http://calenda.org/194157,1,1.0,1.0
http://calenda.org/194234,1,0.0,0.0
http://calenda.org/194235,1,1.0,1.0
http://calenda.org/194258,1,0.0,1.0
http://calenda.org/194321,1,1.0,1.0
http://calenda.org/194391,1,1.0,1.0
http://calenda.org/194504,1,1.0,1.0
http://calenda.org/194683,1,0.0,0.0
http://calenda.org/194844,1,1.0,1.0
http://calenda.org/195432,1,1.0,1.0
http://calenda.org/195568,1,0.0,0.0
http://calenda.org/195753,1,0.0,0.0
http://calenda.org/195818,1,1.0,1.0
http://calenda.org/195836,1,1.0,1.0
http://calenda.org/195985,1,1.0,1.0
http://calenda.org/196385,1,1.0,1.0
http://calenda.org/196564,1,1.0,1.0
http://calenda.org/196714,1,1.0,1.0
http://calenda.org/196903,1,1.0,1.0
http://calenda.org/197065,1,0.0,0.0
http://calenda.org/197290,1,0.0,0.0
http://calenda.org/197352,1,0.0,1.0
http://calenda.org/197402,1,1.0,1.0
http://calenda.org/197530,1,0.0,0.0
http://calenda.org/197960,1,1.0,1.0
http://calenda.org/198021,1,1.0,1.0
http://calenda.org/198747,1,0.0,0.0
http://calenda.org/198834,1,1.0,1.0
http://calenda.org/198835,1,1.0,1.0
http://calenda.org/198867,1,0.0,1.0
http://calenda.org/199153,1,0.0,0.0
http://calenda.org/199163,1,1.0,1.0
http://calenda.org/199202,1,1.0,1.0
http://calenda.org/199351,1,1.0,1.0
http://calenda.org/199384,1,0.0,0.0
http://calenda.org/199449,1,1.0,1.0
http://calenda.org/199452,1,1.0,1.0
http://calenda.org/199541,1,0.0,0.0
http://calenda.org/199558,1,1.0,1.0
http://calenda.org/199770,1,1.0,1.0
http://calenda.org/199787,1,1.0,1.0
http://calenda.org/199980,1,1.0,1.0
http://calenda.org/200116,1,1.0,1.0
http://calenda.org/200313,1,0.0,0.0
http://calenda.org/200315,1,1.0,1.0
http://calenda.org/200606,1,1.0,1.0
http://calenda.org/200608,1,1.0,1.0
http://calenda.org/200888,1,1.0,1.0
http://calenda.org/200990,1,1.0,1.0
http://calenda.org/201071,1,1.0,1.0
http://calenda.org/201671,1,0.0,0.0
http://calenda.org/201919,1,1.0,1.0
http://calenda.org/201953,1,0.0,0.0
http://calenda.org/201998,1,1.0,1.0
http://calenda.org/202289,1,1.0,1.0
http://calenda.org/202549,1,1.0,1.0
http://calenda.org/202778,1,1.0,1.0
http://calenda.org/203013,1,1.0,1.0
http://calenda.org/203076,1,1.0,1.0
http://calenda.org/203237,1,0.0,0.0
http://calenda.org/203323,1,1.0,1.0
http://calenda.org/203635,1,1.0,1.0
http://calenda.org/203693,1,1.0,1.0
http://calenda.org/203942,1,1.0,1.0
http://calenda.org/204009,1,1.0,1.0
http://calenda.org/204024,1,1.0,1.0
http://calenda.org/204060,1,1.0,1.0
http://calenda.org/204287,1,1.0,1.0
http://calenda.org/204558,1,1.0,1.0
http://calenda.org/204672,1,1.0,1.0
http://calenda.org/204879,1,1.0,1.0
http://calenda.org/204907,1,1.0,1.0
http://calenda.org/204913,1,1.0,1.0
http://calenda.org/205512,1,0.0,1.0
http://calenda.org/205612,1,1.0,0.0
http://calenda.org/205830,1,1.0,1.0
http://calenda.org/206009,1,0.0,0.0
http://calenda.org/206011,1,0.0,1.0
http://calenda.org/206099,1,1.0,1.0
http://calenda.org/206258,1,1.0,0.0
http://calenda.org/206550,1,0.0,0.0
http://calenda.org/206608,1,0.0,0.0
http://calenda.org/206628,1,1.0,1.0
http://calenda.org/206913,1,1.0,1.0
http://calenda.org/206955,1,1.0,0.0
http://calenda.org/206981,1,1.0,0.0
http://calenda.org/207361,1,1.0,1.0
http://calenda.org/207401,1,1.0,1.0
http://calenda.org/207539,1,1.0,1.0
http://calenda.org/207545,1,1.0,1.0
http://calenda.org/207822,1,1.0,1.0
http://calenda.org/208076,1,1.0,1.0
http://calenda.org/208124,1,1.0,1.0
http://calenda.org/208388,1,0.0,0.0
http://calenda.org/208800,1,0.0,0.0
http://calenda.org/208883,1,0.0,1.0
http://calenda.org/209102,1,1.0,1.0
http://calenda.org/209158,1,0.0,0.0
http://calenda.org/209482,1,1.0,1.0
http://calenda.org/209524,1,1.0,1.0
http://calenda.org/209648,1,1.0,1.0
http://calenda.org/219931,1,1.0,1.0
http://calenda.org/221149,1,1.0,1.0
http://calenda.org/225371,1,0.0,0.0
http://calenda.org/225417,1,1.0,1.0
http://calenda.org/225995,1,1.0,0.0
http://calenda.org/226261,1,1.0,1.0
http://calenda.org/227135,1,1.0,1.0
http://calenda.org/227798,1,1.0,1.0
http://calenda.org/232525,1,1.0,1.0
http://calenda.org/234031,1,1.0,1.0
http://calenda.org/235025,1,0.0,0.0
http://calenda.org/236333,1,0.0,0.0
http://calenda.org/238154,1,1.0,1.0
http://calenda.org/238555,1,1.0,1.0
http://calenda.org/239156,1,0.0,0.0
http://calenda.org/239443,1,0.0,0.0
http://calenda.org/240067,1,1.0,1.0
http://calenda.org/240133,1,1.0,1.0
http://calenda.org/240775,1,1.0,1.0
http://calenda.org/241848,1,1.0,1.0
http://calenda.org/245023,1,0.0,0.0
http://calenda.org/245740,1,1.0,1.0
http://calenda.org/247938,1,1.0,1.0
http://calenda.org/248602,1,0.0,1.0
http://calenda.org/248761,1,0.0,0.0
http://calenda.org/250295,1,0.0,0.0
http://calenda.org/251676,1,1.0,1.0
http://calenda.org/251758,1,1.0,1.0
http://calenda.org/251922,1,1.0,1.0
http://calenda.org/255977,1,1.0,1.0
http://calenda.org/256296,1,0.0,1.0
http://calenda.org/257092,1,1.0,1.0
http://calenda.org/257435,1,0.0,0.0
http://calenda.org/259696,1,1.0,1.0
http://calenda.org/260354,1,1.0,1.0
http://calenda.org/260416,1,0.0,0.0
http://calenda.org/262505,1,1.0,1.0
http://calenda.org/264141,1,1.0,0.0
http://calenda.org/264410,1,1.0,0.0
http://calenda.org/266007,1,1.0,1.0
http://calenda.org/269142,1,1.0,1.0
http://calenda.org/271286,1,1.0,1.0
http://calenda.org/271471,1,0.0,0.0
http://calenda.org/274148,1,0.0,0.0
http://calenda.org/274981,1,1.0,0.0
http://calenda.org/275335,1,1.0,0.0
http://calenda.org/275668,1,1.0,1.0
http://calenda.org/277253,1,1.0,1.0
http://calenda.org/277319,1,0.0,0.0
http://calenda.org/277758,1,0.0,0.0
http://calenda.org/278587,1,1.0,1.0
http://calenda.org/279143,1,0.0,0.0
http://calenda.org/281319,1,0.0,0.0
http://calenda.org/284260,1,0.0,0.0
http://calenda.org/285627,1,0.0,0.0
http://calenda.org/286101,1,0.0,0.0
http://calenda.org/288575,1,1.0,1.0
http://calenda.org/289184,1,1.0,1.0
http://calenda.org/290716,1,1.0,0.0
http://calenda.org/291057,1,0.0,1.0
http://calenda.org/291067,1,1.0,1.0
http://calenda.org/291716,1,0.0,0.0
http://calenda.org/294049,1,1.0,1.0
http://calenda.org/295588,1,0.0,1.0
http://calenda.org/296391,1,0.0,0.0
http://calenda.org/296865,1,0.0,0.0
http://calenda.org/298487,1,0.0,0.0
http://calenda.org/299000,1,1.0,1.0
http://calenda.org/299477,1,0.0,0.0
http://calenda.org/299895,1,1.0,1.0
http://calenda.org/301198,1,1.0,1.0
http://calenda.org/303644,1,0.0,0.0
http://calenda.org/303961,1,1.0,1.0
http://calenda.org/304581,1,1.0,1.0
http://calenda.org/306644,1,1.0,1.0
http://calenda.org/308252,1,0.0,0.0
http://calenda.org/308467,1,1.0,1.0
http://calenda.org/308530,1,1.0,1.0
http://calenda.org/309244,1,0.0,0.0
http://calenda.org/309742,1,1.0,1.0
http://calenda.org/310026,1,0.0,0.0
http://calenda.org/313807,1,0.0,0.0
http://calenda.org/314380,1,0.0,0.0
http://calenda.org/314650,1,1.0,1.0
http://calenda.org/315159,1,1.0,1.0
http://calenda.org/315355,1,0.0,0.0
http://calenda.org/315658,1,1.0,1.0
http://calenda.org/316091,1,1.0,0.0
http://calenda.org/316901,1,1.0,1.0
http://calenda.org/319713,1,1.0,1.0
http://calenda.org/319943,1,1.0,1.0
http://calenda.org/322150,1,1.0,1.0
http://calenda.org/322159,1,0.0,0.0
http://calenda.org/322173,1,1.0,1.0
http://calenda.org/322370,1,0.0,1.0
http://calenda.org/323060,1,0.0,0.0
http://calenda.org/323401,1,1.0,1.0
http://calenda.org/324471,1,1.0,1.0
http://calenda.org/324932,1,0.0,0.0
http://calenda.org/324964,1,0.0,0.0
http://calenda.org/325244,1,1.0,1.0
http://calenda.org/325467,1,0.0,0.0
http://calenda.org/325605,1,0.0,0.0
http://calenda.org/326659,1,1.0,1.0
http://calenda.org/328319,1,1.0,1.0
http://calenda.org/330270,1,1.0,1.0
http://calenda.org/330306,1,0.0,0.0
http://calenda.org/330329,1,0.0,0.0
http://calenda.org/330474,1,0.0,0.0
http://calenda.org/331232,1,1.0,1.0
http://calenda.org/333666,1,1.0,1.0
http://calenda.org/334189,1,0.0,0.0
http://calenda.org/338469,1,0.0,0.0
http://calenda.org/338782,1,1.0,1.0
http://calenda.org/339247,1,0.0,0.0
http://calenda.org/339326,1,1.0,1.0
http://calenda.org/340060,1,1.0,1.0
http://calenda.org/342162,1,1.0,1.0
http://calenda.org/342340,1,0.0,0.0
http://calenda.org/342991,1,1.0,1.0
http://calenda.org/346768,1,1.0,1.0
http://calenda.org/347611,1,1.0,1.0
http://calenda.org/347635,1,1.0,1.0
http://calenda.org/347861,1,0.0,0.0
http://calenda.org/347927,1,0.0,0.0
http://calenda.org/348388,1,0.0,0.0
http://calenda.org/349431,1,1.0,1.0
http://calenda.org/350052,1,1.0,1.0
http://calenda.org/350191,1,1.0,1.0
http://calenda.org/350673,1,0.0,0.0
http://calenda.org/352443,1,1.0,1.0
http://calenda.org/352597,1,1.0,0.0
http://calenda.org/353163,1,1.0,1.0
http://calenda.org/353599,1,1.0,1.0
http://calenda.org/354269,1,1.0,1.0
http://calenda.org/354621,1,0.0,0.0
http://calenda.org/355268,1,1.0,1.0
http://calenda.org/355476,1,1.0,1.0
http://calenda.org/356633,1,1.0,1.0
http://calenda.org/356886,1,0.0,1.0
http://calenda.org/356997,1,1.0,1.0
http://calenda.org/357597,1,0.0,0.0
http://calenda.org/357619,1,1.0,1.0
http://calenda.org/358833,1,1.0,1.0
http://calenda.org/360252,1,1.0,1.0
http://calenda.org/360461,1,1.0,1.0
http://calenda.org/360709,1,0.0,0.0
http://calenda.org/361364,1,1.0,1.0
http://calenda.org/361650,1,0.0,1.0
http://calenda.org/361810,1,1.0,1.0
http://calenda.org/363520,1,1.0,1.0
http://calenda.org/363556,1,1.0,1.0
http://calenda.org/364036,1,0.0,0.0
http://calenda.org/365180,1,0.0,0.0
http://calenda.org/366305,1,0.0,0.0
http://calenda.org/366425,1,1.0,1.0
http://calenda.org/366579,1,1.0,1.0
http://calenda.org/367033,1,0.0,0.0
http://calenda.org/367043,1,1.0,1.0
http://calenda.org/367246,1,0.0,0.0
http://calenda.org/367284,1,1.0,0.0
http://calenda.org/367757,1,0.0,0.0
http://calenda.org/367979,1,1.0,1.0
http://calenda.org/369172,1,0.0,0.0
http://calenda.org/369203,1,0.0,0.0
http://calenda.org/369378,1,1.0,1.0
http://calenda.org/370938,1,1.0,1.0
http://calenda.org/371425,1,0.0,1.0
http://calenda.org/371584,1,1.0,0.0
http://calenda.org/371736,1,0.0,1.0
http://calenda.org/371741,1,1.0,1.0
http://calenda.org/371745,1,1.0,1.0
http://calenda.org/371877,1,1.0,1.0
http://calenda.org/371916,1,0.0,0.0
http://calenda.org/371939,1,1.0,0.0
http://calenda.org/371973,1,1.0,1.0
http://calenda.org/372913,1,1.0,1.0
http://calenda.org/373155,1,0.0,1.0
http://calenda.org/373375,1,1.0,1.0
http://calenda.org/373466,1,0.0,0.0
http://calenda.org/374526,1,1.0,1.0
http://calenda.org/374661,1,1.0,1.0
http://calenda.org/374985,1,1.0,1.0
http://calenda.org/376088,1,1.0,1.0
http://calenda.org/376270,1,1.0,1.0
http://calenda.org/377469,1,1.0,1.0
http://calenda.org/377741,1,1.0,1.0
http://calenda.org/377886,1,1.0,1.0
http://calenda.org/377951,1,1.0,0.0
http://calenda.org/378170,1,1.0,1.0
http://calenda.org/378261,1,1.0,1.0
http://calenda.org/378695,1,1.0,1.0
http://calenda.org/378753,1,1.0,1.0
http://calenda.org/378916,1,1.0,1.0
http://calenda.org/379303,1,1.0,1.0
http://calenda.org/379476,1,0.0,1.0
http://calenda.org/379942,1,1.0,1.0
http://calenda.org/379964,1,1.0,1.0
http://calenda.org/380127,1,1.0,1.0
http://calenda.org/380288,1,1.0,0.0
http://calenda.org/380610,1,1.0,0.0
http://calenda.org/380876,1,1.0,1.0
http://calenda.org/381350,1,1.0,1.0
http://calenda.org/381607,1,1.0,1.0
http://calenda.org/382072,1,1.0,0.0
http://calenda.org/382204,1,1.0,1.0
http://calenda.org/382804,1,0.0,0.0
http://calenda.org/383115,1,1.0,0.0
http://calenda.org/383301,1,1.0,0.0
http://calenda.org/383421,1,1.0,1.0
http://calenda.org/383726,1,1.0,1.0
http://calenda.org/384307,1,1.0,1.0
http://calenda.org/384795,1,0.0,0.0
http://calenda.org/385541,1,1.0,1.0
http://calenda.org/387619,1,0.0,0.0
http://calenda.org/388125,1,1.0,0.0
http://calenda.org/388161,1,1.0,1.0
http://calenda.org/391403,1,1.0,0.0
http://calenda.org/391844,1,1.0,1.0
http://calenda.org/392641,1,0.0,1.0
http://calenda.org/392924,1,1.0,0.0
http://calenda.org/393730,1,1.0,1.0
http://calenda.org/395009,1,0.0,0.0
http://calenda.org/398277,1,1.0,1.0
http://calenda.org/400814,1,0.0,1.0
